graph_name,dataset,role,source_path,num_nodes,num_edges,density,average_degree,average_strength,edge_weight_mean,edge_weight_median,edge_weight_std,edge_weight_min,edge_weight_max,average_clustering,average_weighted_clustering,transitivity,local_efficiency_mean,edge_overlap_mean,is_connected,num_connected_components,giant_component_size,giant_component_ratio,node_connectivity_gcc,edge_connectivity_gcc,degree_assortativity,num_communities,modularity,largest_community_size,largest_community_ratio,avg_path_length_gcc,median_path_length_gcc,p90_path_length_gcc,diameter_gcc,avg_weighted_distance_gcc,global_efficiency
pems-bay-by-disp_fil-with-alpah_filter0_3,pems-bay,backbone,/home/varlson/master/main/master-main/data/GraphML/pems-bay-by-disp_fil-with-alpah_filter0_3.GraphML,325,695,0.013200379867046533,4.276923076923077,3.774491262802711,0.8825249355473964,0.9050489664077759,0.10044083292156757,0.5683487057685852,0.9999991655349731,0.6035187035187034,0.5422962931437311,0.6459143968871596,0.6939416065416065,0.5038799649591016,False,32,108,0.3323076923076923,1.0,1.0,0.756063473911397,42,0.9060986749340563,35,0.1076923076923077,8.081689165801315,8.0,14.0,23.0,10.48425261931824,0.03785833541479944
pems-bay,pems-bay,original,/home/varlson/master/main/master-main/data/GraphML/pems-bay.GraphML,325,2079,0.03948717948717949,12.793846153846154,6.782441039543886,0.5301330778864268,0.5085046887397766,0.3024704482391964,0.10002011805772781,0.9999991655349731,0.67370964210499,0.36636250565788214,0.6494298859771954,0.8129606394965085,0.5242426334344882,False,7,319,0.9815384615384616,1.0,1.0,0.5695754396245535,19,0.8198383044484713,67,0.20615384615384616,5.161570158317068,5.0,8.0,13.0,15.547299238527271,0.24234533910758127
