{
  "timestamp": "2026-04-08T05:26:42.412791",
  "experiment_name": "original_metr-la_DCRNN_08_04_2026-00h_18-epoch_2",
  "model": "DCRNN",
  "dataset": "metr-la",
  "selection_metric": "val_mae",
  "seeds": [
    42
  ],
  "trial_results_file": "results/original/json/original_metr-la_DCRNN_08_04_2026-00h_18-epoch_2_trial_results.json",
  "config_summaries_file": "results/original/json/original_metr-la_DCRNN_08_04_2026-00h_18-epoch_2_config_summaries.json",
  "selected_config": {
    "params": {
      "input_dim": 1,
      "hidden_dim": 64,
      "output_dim": 1,
      "seq_len": 12,
      "horizon": 12,
      "k": 2,
      "dropout": 0.1,
      "lr": 0.001,
      "weight_decay": 0.0001,
      "epochs": 2,
      "patience": 5,
      "use_scheduled_sampling": false,
      "teacher_forcing_ratio": 0.5
    },
    "num_completed_seeds": 1,
    "seeds": [
      42
    ],
    "val_mae_mean": 6.580732345581055,
    "val_mae_std": 0.0,
    "val_mae_ci95_low": 6.580732345581055,
    "val_mae_ci95_high": 6.580732345581055,
    "val_mae_min": 6.580732345581055,
    "val_mae_max": 6.580732345581055,
    "val_mae_n": 1,
    "val_rmse_mean": 11.888473510742188,
    "val_rmse_std": 0.0,
    "val_rmse_ci95_low": 11.888473510742188,
    "val_rmse_ci95_high": 11.888473510742188,
    "val_rmse_min": 11.888473510742188,
    "val_rmse_max": 11.888473510742188,
    "val_rmse_n": 1,
    "val_mape_mean": 13165211648.0,
    "val_mape_std": 0.0,
    "val_mape_ci95_low": 13165211648.0,
    "val_mape_ci95_high": 13165211648.0,
    "val_mape_min": 13165211648.0,
    "val_mape_max": 13165211648.0,
    "val_mape_n": 1,
    "val_smape_mean": 25.508987426757812,
    "val_smape_std": 0.0,
    "val_smape_ci95_low": 25.508987426757812,
    "val_smape_ci95_high": 25.508987426757812,
    "val_smape_min": 25.508987426757812,
    "val_smape_max": 25.508987426757812,
    "val_smape_n": 1,
    "val_wape_mean": 11.999836921691895,
    "val_wape_std": 0.0,
    "val_wape_ci95_low": 11.999836921691895,
    "val_wape_ci95_high": 11.999836921691895,
    "val_wape_min": 11.999836921691895,
    "val_wape_max": 11.999836921691895,
    "val_wape_n": 1,
    "val_loss_normalized_mean": 0.3690603771419437,
    "val_loss_normalized_std": 0.0,
    "val_loss_normalized_ci95_low": 0.3690603771419437,
    "val_loss_normalized_ci95_high": 0.3690603771419437,
    "val_loss_normalized_min": 0.3690603771419437,
    "val_loss_normalized_max": 0.3690603771419437,
    "val_loss_normalized_n": 1
  }
}