{
  "timestamp": "2026-03-04T22:03:55.144003",
  "experiment_name": "metr-la_GraphWaveNet_20260304_163952",
  "model": "GraphWaveNet",
  "total_configs": 1,
  "best_by_loss": {
    "params": {
      "input_dim": 1,
      "hidden_dim": 64,
      "output_dim": 1,
      "seq_len": 12,
      "horizon": 12,
      "num_blocks": 3,
      "dilation_base": 2,
      "k": 2,
      "dropout": 0.1,
      "lr": 0.001,
      "weight_decay": 0.0001,
      "epochs": 50,
      "patience": 5
    },
    "test_loss": 0.3843751299506887,
    "mae": 0.31386640667915344,
    "rmse": 0.6199799180030823,
    "mape": 110.92346954345703
  },
  "best_by_mae": {
    "params": {
      "input_dim": 1,
      "hidden_dim": 64,
      "output_dim": 1,
      "seq_len": 12,
      "horizon": 12,
      "num_blocks": 3,
      "dilation_base": 2,
      "k": 2,
      "dropout": 0.1,
      "lr": 0.001,
      "weight_decay": 0.0001,
      "epochs": 50,
      "patience": 5
    },
    "test_loss": 0.3843751299506887,
    "mae": 0.31386640667915344,
    "rmse": 0.6199799180030823,
    "mape": 110.92346954345703
  },
  "best_by_rmse": {
    "params": {
      "input_dim": 1,
      "hidden_dim": 64,
      "output_dim": 1,
      "seq_len": 12,
      "horizon": 12,
      "num_blocks": 3,
      "dilation_base": 2,
      "k": 2,
      "dropout": 0.1,
      "lr": 0.001,
      "weight_decay": 0.0001,
      "epochs": 50,
      "patience": 5
    },
    "test_loss": 0.3843751299506887,
    "mae": 0.31386640667915344,
    "rmse": 0.6199799180030823,
    "mape": 110.92346954345703
  },
  "best_by_mape": {
    "params": {
      "input_dim": 1,
      "hidden_dim": 64,
      "output_dim": 1,
      "seq_len": 12,
      "horizon": 12,
      "num_blocks": 3,
      "dilation_base": 2,
      "k": 2,
      "dropout": 0.1,
      "lr": 0.001,
      "weight_decay": 0.0001,
      "epochs": 50,
      "patience": 5
    },
    "test_loss": 0.3843751299506887,
    "mae": 0.31386640667915344,
    "rmse": 0.6199799180030823,
    "mape": 110.92346954345703
  },
  "all_results": [
    {
      "params": {
        "input_dim": 1,
        "hidden_dim": 64,
        "output_dim": 1,
        "seq_len": 12,
        "horizon": 12,
        "num_blocks": 3,
        "dilation_base": 2,
        "k": 2,
        "dropout": 0.1,
        "lr": 0.001,
        "weight_decay": 0.0001,
        "epochs": 50,
        "patience": 5
      },
      "test_loss": 0.3843751299506887,
      "mae": 0.31386640667915344,
      "rmse": 0.6199799180030823,
      "mape": 110.92346954345703
    }
  ]
}