{
  "mae": 5.724748134613037,
  "rmse": 11.880807876586914,
  "mape": 15156174848.0
}