{
  "mae": 6.761564254760742,
  "rmse": 12.357366561889648,
  "mape": 20544221184.0
}