{
  "timestamp": "2026-03-04T23:15:30.814338",
  "experiment_name": "metr-la_PatchSTG_20260304_163952",
  "model": "PatchSTG",
  "total_configs": 1,
  "best_by_loss": {
    "params": {
      "input_dim": 1,
      "hidden_dim": 64,
      "output_dim": 1,
      "seq_len": 12,
      "horizon": 12,
      "patch_len": 4,
      "patch_stride": 2,
      "num_layers": 2,
      "num_heads": 4,
      "ff_multiplier": 2,
      "dropout": 0.1,
      "lr": 0.001,
      "weight_decay": 0.0001,
      "epochs": 50,
      "patience": 5
    },
    "test_loss": 0.3714318419294105,
    "mae": 0.29366356134414673,
    "rmse": 0.6094520688056946,
    "mape": 116.23175048828125
  },
  "best_by_mae": {
    "params": {
      "input_dim": 1,
      "hidden_dim": 64,
      "output_dim": 1,
      "seq_len": 12,
      "horizon": 12,
      "patch_len": 4,
      "patch_stride": 2,
      "num_layers": 2,
      "num_heads": 4,
      "ff_multiplier": 2,
      "dropout": 0.1,
      "lr": 0.001,
      "weight_decay": 0.0001,
      "epochs": 50,
      "patience": 5
    },
    "test_loss": 0.3714318419294105,
    "mae": 0.29366356134414673,
    "rmse": 0.6094520688056946,
    "mape": 116.23175048828125
  },
  "best_by_rmse": {
    "params": {
      "input_dim": 1,
      "hidden_dim": 64,
      "output_dim": 1,
      "seq_len": 12,
      "horizon": 12,
      "patch_len": 4,
      "patch_stride": 2,
      "num_layers": 2,
      "num_heads": 4,
      "ff_multiplier": 2,
      "dropout": 0.1,
      "lr": 0.001,
      "weight_decay": 0.0001,
      "epochs": 50,
      "patience": 5
    },
    "test_loss": 0.3714318419294105,
    "mae": 0.29366356134414673,
    "rmse": 0.6094520688056946,
    "mape": 116.23175048828125
  },
  "best_by_mape": {
    "params": {
      "input_dim": 1,
      "hidden_dim": 64,
      "output_dim": 1,
      "seq_len": 12,
      "horizon": 12,
      "patch_len": 4,
      "patch_stride": 2,
      "num_layers": 2,
      "num_heads": 4,
      "ff_multiplier": 2,
      "dropout": 0.1,
      "lr": 0.001,
      "weight_decay": 0.0001,
      "epochs": 50,
      "patience": 5
    },
    "test_loss": 0.3714318419294105,
    "mae": 0.29366356134414673,
    "rmse": 0.6094520688056946,
    "mape": 116.23175048828125
  },
  "all_results": [
    {
      "params": {
        "input_dim": 1,
        "hidden_dim": 64,
        "output_dim": 1,
        "seq_len": 12,
        "horizon": 12,
        "patch_len": 4,
        "patch_stride": 2,
        "num_layers": 2,
        "num_heads": 4,
        "ff_multiplier": 2,
        "dropout": 0.1,
        "lr": 0.001,
        "weight_decay": 0.0001,
        "epochs": 50,
        "patience": 5
      },
      "test_loss": 0.3714318419294105,
      "mae": 0.29366356134414673,
      "rmse": 0.6094520688056946,
      "mape": 116.23175048828125
    }
  ]
}