{
  "timestamp": "2026-03-06T19:12:47.162707",
  "total_experiments": 6,
  "successful_experiments": 6,
  "primary_metric": "MAE",
  "experiments": [
    {
      "experiment_name": "metr-la_DCRNN_20260306_142338",
      "model": "DCRNN",
      "dataset": "metr-la",
      "metadata": {
        "run_id": "20260306_142338",
        "device": "cuda",
        "num_nodes": 207,
        "seq_len": 12,
        "horizon": 12,
        "batch_size": 8,
        "normalization_stats": {
          "method": "zscore",
          "mean": 54.40591191569834,
          "std": 19.494251201218937
        },
        "total_configs": 1,
        "best_result": {
          "params": {
            "input_dim": 1,
            "hidden_dim": 64,
            "output_dim": 1,
            "seq_len": 12,
            "horizon": 12,
            "k": 2,
            "dropout": 0.1,
            "lr": 0.001,
            "weight_decay": 0.0001,
            "epochs": 200,
            "patience": 5,
            "use_scheduled_sampling": false,
            "teacher_forcing_ratio": 0.5
          },
          "test_loss": 0.392416884943808,
          "mae": 0.3410714864730835,
          "rmse": 0.6264318823814392,
          "mape": 123.2509765625
        }
      },
      "best_results": [
        {
          "Métrica": "Loss",
          "Test Loss": 0.392416884943808,
          "MAE": 0.3410714864730835,
          "RMSE": 0.6264318823814392,
          "MAPE (%)": 123.2509765625,
          "Params": "{'input_dim': 1, 'hidden_dim': 64, 'output_dim': 1, 'seq_len': 12, 'horizon': 12, 'k': 2, 'dropout': 0.1, 'lr': 0.001, 'weight_decay': 0.0001, 'epochs': 200, 'patience': 5, 'use_scheduled_sampling': False, 'teacher_forcing_ratio': 0.5}"
        },
        {
          "Métrica": "MAE",
          "Test Loss": 0.392416884943808,
          "MAE": 0.3410714864730835,
          "RMSE": 0.6264318823814392,
          "MAPE (%)": 123.2509765625,
          "Params": "{'input_dim': 1, 'hidden_dim': 64, 'output_dim': 1, 'seq_len': 12, 'horizon': 12, 'k': 2, 'dropout': 0.1, 'lr': 0.001, 'weight_decay': 0.0001, 'epochs': 200, 'patience': 5, 'use_scheduled_sampling': False, 'teacher_forcing_ratio': 0.5}"
        },
        {
          "Métrica": "RMSE",
          "Test Loss": 0.392416884943808,
          "MAE": 0.3410714864730835,
          "RMSE": 0.6264318823814392,
          "MAPE (%)": 123.2509765625,
          "Params": "{'input_dim': 1, 'hidden_dim': 64, 'output_dim': 1, 'seq_len': 12, 'horizon': 12, 'k': 2, 'dropout': 0.1, 'lr': 0.001, 'weight_decay': 0.0001, 'epochs': 200, 'patience': 5, 'use_scheduled_sampling': False, 'teacher_forcing_ratio': 0.5}"
        },
        {
          "Métrica": "MAPE",
          "Test Loss": 0.392416884943808,
          "MAE": 0.3410714864730835,
          "RMSE": 0.6264318823814392,
          "MAPE (%)": 123.2509765625,
          "Params": "{'input_dim': 1, 'hidden_dim': 64, 'output_dim': 1, 'seq_len': 12, 'horizon': 12, 'k': 2, 'dropout': 0.1, 'lr': 0.001, 'weight_decay': 0.0001, 'epochs': 200, 'patience': 5, 'use_scheduled_sampling': False, 'teacher_forcing_ratio': 0.5}"
        }
      ]
    },
    {
      "experiment_name": "metr-la_GraphWaveNet_20260306_142338",
      "model": "GraphWaveNet",
      "dataset": "metr-la",
      "metadata": {
        "run_id": "20260306_142338",
        "device": "cuda",
        "num_nodes": 207,
        "seq_len": 12,
        "horizon": 12,
        "batch_size": 8,
        "normalization_stats": {
          "method": "zscore",
          "mean": 54.40591191569834,
          "std": 19.494251201218937
        },
        "total_configs": 1,
        "best_result": {
          "params": {
            "input_dim": 1,
            "hidden_dim": 64,
            "output_dim": 1,
            "seq_len": 12,
            "horizon": 12,
            "num_blocks": 3,
            "dilation_base": 2,
            "k": 2,
            "dropout": 0.1,
            "lr": 0.001,
            "weight_decay": 0.0001,
            "epochs": 200,
            "patience": 5
          },
          "test_loss": 0.38523701051865167,
          "mae": 0.32556167244911194,
          "rmse": 0.6206746697425842,
          "mape": 113.15494537353516
        }
      },
      "best_results": [
        {
          "Métrica": "Loss",
          "Test Loss": 0.38523701051865167,
          "MAE": 0.32556167244911194,
          "RMSE": 0.6206746697425842,
          "MAPE (%)": 113.15494537353516,
          "Params": "{'input_dim': 1, 'hidden_dim': 64, 'output_dim': 1, 'seq_len': 12, 'horizon': 12, 'num_blocks': 3, 'dilation_base': 2, 'k': 2, 'dropout': 0.1, 'lr': 0.001, 'weight_decay': 0.0001, 'epochs': 200, 'patience': 5}"
        },
        {
          "Métrica": "MAE",
          "Test Loss": 0.38523701051865167,
          "MAE": 0.32556167244911194,
          "RMSE": 0.6206746697425842,
          "MAPE (%)": 113.15494537353516,
          "Params": "{'input_dim': 1, 'hidden_dim': 64, 'output_dim': 1, 'seq_len': 12, 'horizon': 12, 'num_blocks': 3, 'dilation_base': 2, 'k': 2, 'dropout': 0.1, 'lr': 0.001, 'weight_decay': 0.0001, 'epochs': 200, 'patience': 5}"
        },
        {
          "Métrica": "RMSE",
          "Test Loss": 0.38523701051865167,
          "MAE": 0.32556167244911194,
          "RMSE": 0.6206746697425842,
          "MAPE (%)": 113.15494537353516,
          "Params": "{'input_dim': 1, 'hidden_dim': 64, 'output_dim': 1, 'seq_len': 12, 'horizon': 12, 'num_blocks': 3, 'dilation_base': 2, 'k': 2, 'dropout': 0.1, 'lr': 0.001, 'weight_decay': 0.0001, 'epochs': 200, 'patience': 5}"
        },
        {
          "Métrica": "MAPE",
          "Test Loss": 0.38523701051865167,
          "MAE": 0.32556167244911194,
          "RMSE": 0.6206746697425842,
          "MAPE (%)": 113.15494537353516,
          "Params": "{'input_dim': 1, 'hidden_dim': 64, 'output_dim': 1, 'seq_len': 12, 'horizon': 12, 'num_blocks': 3, 'dilation_base': 2, 'k': 2, 'dropout': 0.1, 'lr': 0.001, 'weight_decay': 0.0001, 'epochs': 200, 'patience': 5}"
        }
      ]
    },
    {
      "experiment_name": "metr-la_MTGNN_20260306_142338",
      "model": "MTGNN",
      "dataset": "metr-la",
      "metadata": {
        "run_id": "20260306_142338",
        "device": "cuda",
        "num_nodes": 207,
        "seq_len": 12,
        "horizon": 12,
        "batch_size": 8,
        "normalization_stats": {
          "method": "zscore",
          "mean": 54.40591191569834,
          "std": 19.494251201218937
        },
        "total_configs": 1,
        "best_result": {
          "params": {
            "input_dim": 1,
            "hidden_dim": 64,
            "output_dim": 1,
            "seq_len": 12,
            "horizon": 12,
            "num_blocks": 3,
            "kernel_size": 2,
            "dilation_base": 2,
            "gcn_depth": 2,
            "propalpha": 0.05,
            "node_dim": 16,
            "dropout": 0.1,
            "lr": 0.001,
            "weight_decay": 0.0001,
            "epochs": 200,
            "patience": 5
          },
          "test_loss": 0.40375084977649345,
          "mae": 0.3529106676578522,
          "rmse": 0.6354139447212219,
          "mape": 124.07669067382812
        }
      },
      "best_results": [
        {
          "Métrica": "Loss",
          "Test Loss": 0.40375084977649345,
          "MAE": 0.3529106676578522,
          "RMSE": 0.6354139447212219,
          "MAPE (%)": 124.07669067382812,
          "Params": "{'input_dim': 1, 'hidden_dim': 64, 'output_dim': 1, 'seq_len': 12, 'horizon': 12, 'num_blocks': 3, 'kernel_size': 2, 'dilation_base': 2, 'gcn_depth': 2, 'propalpha': 0.05, 'node_dim': 16, 'dropout': 0.1, 'lr': 0.001, 'weight_decay': 0.0001, 'epochs': 200, 'patience': 5}"
        },
        {
          "Métrica": "MAE",
          "Test Loss": 0.40375084977649345,
          "MAE": 0.3529106676578522,
          "RMSE": 0.6354139447212219,
          "MAPE (%)": 124.07669067382812,