{
  "timestamp": "2026-03-04T23:01:21.920801",
  "experiment_name": "metr-la_DGCRN_20260304_163952",
  "model": "DGCRN",
  "total_configs": 1,
  "best_by_loss": {
    "params": {
      "input_dim": 1,
      "hidden_dim": 64,
      "output_dim": 1,
      "seq_len": 12,
      "horizon": 12,
      "node_dim": 16,
      "gcn_depth": 2,
      "dropout": 0.1,
      "lr": 0.001,
      "weight_decay": 0.0001,
      "epochs": 50,
      "patience": 5
    },
    "test_loss": 0.3982522316196327,
    "mae": 0.27565035223960876,
    "rmse": 0.6310722827911377,
    "mape": 125.6170883178711
  },
  "best_by_mae": {
    "params": {
      "input_dim": 1,
      "hidden_dim": 64,
      "output_dim": 1,
      "seq_len": 12,
      "horizon": 12,
      "node_dim": 16,
      "gcn_depth": 2,
      "dropout": 0.1,
      "lr": 0.001,
      "weight_decay": 0.0001,
      "epochs": 50,
      "patience": 5
    },
    "test_loss": 0.3982522316196327,
    "mae": 0.27565035223960876,
    "rmse": 0.6310722827911377,
    "mape": 125.6170883178711
  },
  "best_by_rmse": {
    "params": {
      "input_dim": 1,
      "hidden_dim": 64,
      "output_dim": 1,
      "seq_len": 12,
      "horizon": 12,
      "node_dim": 16,
      "gcn_depth": 2,
      "dropout": 0.1,
      "lr": 0.001,
      "weight_decay": 0.0001,
      "epochs": 50,
      "patience": 5
    },
    "test_loss": 0.3982522316196327,
    "mae": 0.27565035223960876,
    "rmse": 0.6310722827911377,
    "mape": 125.6170883178711
  },
  "best_by_mape": {
    "params": {
      "input_dim": 1,
      "hidden_dim": 64,
      "output_dim": 1,
      "seq_len": 12,
      "horizon": 12,
      "node_dim": 16,
      "gcn_depth": 2,
      "dropout": 0.1,
      "lr": 0.001,
      "weight_decay": 0.0001,
      "epochs": 50,
      "patience": 5
    },
    "test_loss": 0.3982522316196327,
    "mae": 0.27565035223960876,
    "rmse": 0.6310722827911377,
    "mape": 125.6170883178711
  },
  "all_results": [
    {
      "params": {
        "input_dim": 1,
        "hidden_dim": 64,
        "output_dim": 1,
        "seq_len": 12,
        "horizon": 12,
        "node_dim": 16,
        "gcn_depth": 2,
        "dropout": 0.1,
        "lr": 0.001,
        "weight_decay": 0.0001,
        "epochs": 50,
        "patience": 5
      },
      "test_loss": 0.3982522316196327,
      "mae": 0.27565035223960876,
      "rmse": 0.6310722827911377,
      "mape": 125.6170883178711
    }
  ]
}