{
  "timestamp": "2026-03-04T21:45:58.841449",
  "experiment_name": "metr-la_DCRNN_20260304_163952",
  "model": "DCRNN",
  "total_configs": 1,
  "best_by_loss": {
    "params": {
      "input_dim": 1,
      "hidden_dim": 64,
      "output_dim": 1,
      "seq_len": 12,
      "horizon": 12,
      "k": 2,
      "dropout": 0.1,
      "lr": 0.001,
      "weight_decay": 0.0001,
      "epochs": 50,
      "patience": 5,
      "use_scheduled_sampling": false,
      "teacher_forcing_ratio": 0.5
    },
    "test_loss": 0.3905977067914933,
    "mae": 0.34448111057281494,
    "rmse": 0.6249781847000122,
    "mape": 121.20404052734375
  },
  "best_by_mae": {
    "params": {
      "input_dim": 1,
      "hidden_dim": 64,
      "output_dim": 1,
      "seq_len": 12,
      "horizon": 12,
      "k": 2,
      "dropout": 0.1,
      "lr": 0.001,
      "weight_decay": 0.0001,
      "epochs": 50,
      "patience": 5,
      "use_scheduled_sampling": false,
      "teacher_forcing_ratio": 0.5
    },
    "test_loss": 0.3905977067914933,
    "mae": 0.34448111057281494,
    "rmse": 0.6249781847000122,
    "mape": 121.20404052734375
  },
  "best_by_rmse": {
    "params": {
      "input_dim": 1,
      "hidden_dim": 64,
      "output_dim": 1,
      "seq_len": 12,
      "horizon": 12,
      "k": 2,
      "dropout": 0.1,
      "lr": 0.001,
      "weight_decay": 0.0001,
      "epochs": 50,
      "patience": 5,
      "use_scheduled_sampling": false,
      "teacher_forcing_ratio": 0.5
    },
    "test_loss": 0.3905977067914933,
    "mae": 0.34448111057281494,
    "rmse": 0.6249781847000122,
    "mape": 121.20404052734375
  },
  "best_by_mape": {
    "params": {
      "input_dim": 1,
      "hidden_dim": 64,
      "output_dim": 1,
      "seq_len": 12,
      "horizon": 12,
      "k": 2,
      "dropout": 0.1,
      "lr": 0.001,
      "weight_decay": 0.0001,
      "epochs": 50,
      "patience": 5,
      "use_scheduled_sampling": false,
      "teacher_forcing_ratio": 0.5
    },
    "test_loss": 0.3905977067914933,
    "mae": 0.34448111057281494,
    "rmse": 0.6249781847000122,
    "mape": 121.20404052734375
  },
  "all_results": [
    {
      "params": {
        "input_dim": 1,
        "hidden_dim": 64,
        "output_dim": 1,
        "seq_len": 12,
        "horizon": 12,
        "k": 2,
        "dropout": 0.1,
        "lr": 0.001,
        "weight_decay": 0.0001,
        "epochs": 50,
        "patience": 5,
        "use_scheduled_sampling": false,
        "teacher_forcing_ratio": 0.5
      },
      "test_loss": 0.3905977067914933,
      "mae": 0.34448111057281494,
      "rmse": 0.6249781847000122,
      "mape": 121.20404052734375
    }
  ]
}