{
  "mae": 6.118589878082275,
  "rmse": 12.086048126220703,
  "mape": 17165985792.0
}