{
  "mae": 6.648935794830322,
  "rmse": 12.21181869506836,
  "mape": 19172786176.0
}