{
  "mae": 5.373593807220459,
  "rmse": 12.302277565002441,
  "mape": 11198813184.0
}