{
  "mae": 6.035258769989014,
  "rmse": 11.870869636535645,
  "mape": 19249491968.0
}