{
  "timestamp": "2026-03-06T19:03:18.197879",
  "experiment_name": "metr-la_STICformer_20260306_142338",
  "model": "STICformer",
  "total_configs": 1,
  "best_by_loss": {
    "params": {
      "input_dim": 1,
      "hidden_dim": 64,
      "output_dim": 1,
      "seq_len": 12,
      "horizon": 12,
      "num_layers": 2,
      "num_heads": 4,
      "ff_multiplier": 2,
      "dropout": 0.1,
      "lr": 0.001,
      "weight_decay": 0.0001,
      "epochs": 200,
      "patience": 5
    },
    "test_loss": 0.3708102683006705,
    "mae": 0.30959171056747437,
    "rmse": 0.6089419722557068,
    "mape": 113.71232604980469
  },
  "best_by_mae": {
    "params": {
      "input_dim": 1,
      "hidden_dim": 64,
      "output_dim": 1,
      "seq_len": 12,
      "horizon": 12,
      "num_layers": 2,
      "num_heads": 4,
      "ff_multiplier": 2,
      "dropout": 0.1,
      "lr": 0.001,
      "weight_decay": 0.0001,
      "epochs": 200,
      "patience": 5
    },
    "test_loss": 0.3708102683006705,
    "mae": 0.30959171056747437,
    "rmse": 0.6089419722557068,
    "mape": 113.71232604980469
  },
  "best_by_rmse": {
    "params": {
      "input_dim": 1,
      "hidden_dim": 64,
      "output_dim": 1,
      "seq_len": 12,
      "horizon": 12,
      "num_layers": 2,
      "num_heads": 4,
      "ff_multiplier": 2,
      "dropout": 0.1,
      "lr": 0.001,
      "weight_decay": 0.0001,
      "epochs": 200,
      "patience": 5
    },
    "test_loss": 0.3708102683006705,
    "mae": 0.30959171056747437,
    "rmse": 0.6089419722557068,
    "mape": 113.71232604980469
  },
  "best_by_mape": {
    "params": {
      "input_dim": 1,
      "hidden_dim": 64,
      "output_dim": 1,
      "seq_len": 12,
      "horizon": 12,
      "num_layers": 2,
      "num_heads": 4,
      "ff_multiplier": 2,
      "dropout": 0.1,
      "lr": 0.001,
      "weight_decay": 0.0001,
      "epochs": 200,
      "patience": 5
    },
    "test_loss": 0.3708102683006705,
    "mae": 0.30959171056747437,
    "rmse": 0.6089419722557068,
    "mape": 113.71232604980469
  },
  "all_results": [
    {
      "params": {
        "input_dim": 1,
        "hidden_dim": 64,
        "output_dim": 1,
        "seq_len": 12,
        "horizon": 12,
        "num_layers": 2,
        "num_heads": 4,
        "ff_multiplier": 2,
        "dropout": 0.1,
        "lr": 0.001,
        "weight_decay": 0.0001,
        "epochs": 200,
        "patience": 5
      },
      "test_loss": 0.3708102683006705,
      "mae": 0.30959171056747437,
      "rmse": 0.6089419722557068,
      "mape": 113.71232604980469
    }
  ]
}