{
  "mae": 5.998964309692383,
  "rmse": 12.250249862670898,
  "mape": 17703780352.0
}