{
  "mae": 2.698903799057007,
  "rmse": 5.047589302062988,
  "mape": 111909.5703125
}