{
  "mae": 2.5443613529205322,
  "rmse": 4.788273334503174,
  "mape": 114178.75
}