{
  "mae": 2.30552339553833,
  "rmse": 4.721566200256348,
  "mape": 113247.65625
}