{
  "mae": 1.9009779691696167,
  "rmse": 4.086827754974365,
  "mape": 112348.046875
}