{
  "timestamp": "2026-03-04T20:59:02.792798",
  "total_experiments": 6,
  "successful_experiments": 6,
  "primary_metric": "MAE",
  "experiments": [
    {
      "experiment_name": "pems-bay_DCRNN_20260304_163952",
      "model": "DCRNN",
      "dataset": "pems-bay",
      "metadata": {
        "run_id": "20260304_163952",
        "device": "cuda",
        "num_nodes": 325,
        "seq_len": 12,
        "horizon": 12,
        "batch_size": 8,
        "normalization_stats": {
          "method": "zscore",
          "mean": 62.73689571599971,
          "std": 9.436833092265356
        },
        "total_configs": 1,
        "best_result": {
          "params": {
            "input_dim": 1,
            "hidden_dim": 64,
            "output_dim": 1,
            "seq_len": 12,
            "horizon": 12,
            "k": 2,
            "dropout": 0.1,
            "lr": 0.001,
            "weight_decay": 0.0001,
            "epochs": 50,
            "patience": 5,
            "use_scheduled_sampling": false,
            "teacher_forcing_ratio": 0.5
          },
          "test_loss": 0.2810525117409083,
          "mae": 0.2841019332408905,
          "rmse": 0.5302886962890625,
          "mape": 168.0164031982422
        }
      },
      "best_results": [
        {
          "Métrica": "Loss",
          "Test Loss": 0.2810525117409083,
          "MAE": 0.2841019332408905,
          "RMSE": 0.5302886962890625,
          "MAPE (%)": 168.0164031982422,
          "Params": "{'input_dim': 1, 'hidden_dim': 64, 'output_dim': 1, 'seq_len': 12, 'horizon': 12, 'k': 2, 'dropout': 0.1, 'lr': 0.001, 'weight_decay': 0.0001, 'epochs': 50, 'patience': 5, 'use_scheduled_sampling': False, 'teacher_forcing_ratio': 0.5}"
        },
        {
          "Métrica": "MAE",
          "Test Loss": 0.2810525117409083,
          "MAE": 0.2841019332408905,
          "RMSE": 0.5302886962890625,
          "MAPE (%)": 168.0164031982422,
          "Params": "{'input_dim': 1, 'hidden_dim': 64, 'output_dim': 1, 'seq_len': 12, 'horizon': 12, 'k': 2, 'dropout': 0.1, 'lr': 0.001, 'weight_decay': 0.0001, 'epochs': 50, 'patience': 5, 'use_scheduled_sampling': False, 'teacher_forcing_ratio': 0.5}"
        },
        {
          "Métrica": "RMSE",
          "Test Loss": 0.2810525117409083,
          "MAE": 0.2841019332408905,
          "RMSE": 0.5302886962890625,
          "MAPE (%)": 168.0164031982422,
          "Params": "{'input_dim': 1, 'hidden_dim': 64, 'output_dim': 1, 'seq_len': 12, 'horizon': 12, 'k': 2, 'dropout': 0.1, 'lr': 0.001, 'weight_decay': 0.0001, 'epochs': 50, 'patience': 5, 'use_scheduled_sampling': False, 'teacher_forcing_ratio': 0.5}"
        },
        {
          "Métrica": "MAPE",
          "Test Loss": 0.2810525117409083,
          "MAE": 0.2841019332408905,
          "RMSE": 0.5302886962890625,
          "MAPE (%)": 168.0164031982422,
          "Params": "{'input_dim': 1, 'hidden_dim': 64, 'output_dim': 1, 'seq_len': 12, 'horizon': 12, 'k': 2, 'dropout': 0.1, 'lr': 0.001, 'weight_decay': 0.0001, 'epochs': 50, 'patience': 5, 'use_scheduled_sampling': False, 'teacher_forcing_ratio': 0.5}"
        }
      ]
    },
    {
      "experiment_name": "pems-bay_GraphWaveNet_20260304_163952",
      "model": "GraphWaveNet",
      "dataset": "pems-bay",
      "metadata": {
        "run_id": "20260304_163952",
        "device": "cuda",
        "num_nodes": 325,
        "seq_len": 12,
        "horizon": 12,
        "batch_size": 8,
        "normalization_stats": {
          "method": "zscore",
          "mean": 62.73689571599971,
          "std": 9.436833092265356
        },
        "total_configs": 1,
        "best_result": {
          "params": {
            "input_dim": 1,
            "hidden_dim": 64,
            "output_dim": 1,
            "seq_len": 12,
            "horizon": 12,
            "num_blocks": 3,
            "dilation_base": 2,
            "k": 2,
            "dropout": 0.1,
            "lr": 0.001,
            "weight_decay": 0.0001,
            "epochs": 50,
            "patience": 5
          },
          "test_loss": 0.20693180243771733,
          "mae": 0.22441643476486206,
          "rmse": 0.4550148546695709,
          "mape": 130.47976684570312
        }
      },
      "best_results": [
        {
          "Métrica": "Loss",
          "Test Loss": 0.20693180243771733,
          "MAE": 0.22441643476486206,
          "RMSE": 0.4550148546695709,
          "MAPE (%)": 130.47976684570312,
          "Params": "{'input_dim': 1, 'hidden_dim': 64, 'output_dim': 1, 'seq_len': 12, 'horizon': 12, 'num_blocks': 3, 'dilation_base': 2, 'k': 2, 'dropout': 0.1, 'lr': 0.001, 'weight_decay': 0.0001, 'epochs': 50, 'patience': 5}"
        },
        {
          "Métrica": "MAE",
          "Test Loss": 0.20693180243771733,
          "MAE": 0.22441643476486206,
          "RMSE": 0.4550148546695709,
          "MAPE (%)": 130.47976684570312,
          "Params": "{'input_dim': 1, 'hidden_dim': 64, 'output_dim': 1, 'seq_len': 12, 'horizon': 12, 'num_blocks': 3, 'dilation_base': 2, 'k': 2, 'dropout': 0.1, 'lr': 0.001, 'weight_decay': 0.0001, 'epochs': 50, 'patience': 5}"
        },
        {
          "Métrica": "RMSE",
          "Test Loss": 0.20693180243771733,
          "MAE": 0.22441643476486206,
          "RMSE": 0.4550148546695709,
          "MAPE (%)": 130.47976684570312,
          "Params": "{'input_dim': 1, 'hidden_dim': 64, 'output_dim': 1, 'seq_len': 12, 'horizon': 12, 'num_blocks': 3, 'dilation_base': 2, 'k': 2, 'dropout': 0.1, 'lr': 0.001, 'weight_decay': 0.0001, 'epochs': 50, 'patience': 5}"
        },
        {
          "Métrica": "MAPE",
          "Test Loss": 0.20693180243771733,
          "MAE": 0.22441643476486206,
          "RMSE": 0.4550148546695709,
          "MAPE (%)": 130.47976684570312,
          "Params": "{'input_dim': 1, 'hidden_dim': 64, 'output_dim': 1, 'seq_len': 12, 'horizon': 12, 'num_blocks': 3, 'dilation_base': 2, 'k': 2, 'dropout': 0.1, 'lr': 0.001, 'weight_decay': 0.0001, 'epochs': 50, 'patience': 5}"
        }
      ]
    },
    {
      "experiment_name": "pems-bay_MTGNN_20260304_163952",
      "model": "MTGNN",
      "dataset": "pems-bay",
      "metadata": {
        "run_id": "20260304_163952",
        "device": "cuda",
        "num_nodes": 325,
        "seq_len": 12,
        "horizon": 12,
        "batch_size": 8,
        "normalization_stats": {
          "method": "zscore",
          "mean": 62.73689571599971,
          "std": 9.436833092265356
        },
        "total_configs": 1,
        "best_result": {
          "params": {
            "input_dim": 1,
            "hidden_dim": 64,
            "output_dim": 1,
            "seq_len": 12,
            "horizon": 12,
            "num_blocks": 3,
            "kernel_size": 2,
            "dilation_base": 2,
            "gcn_depth": 2,
            "propalpha": 0.05,
            "node_dim": 16,
            "dropout": 0.1,
            "lr": 0.001,
            "weight_decay": 0.0001,
            "epochs": 50,
            "patience": 5
          },
          "test_loss": 0.2630731001092575,
          "mae": 0.2358754426240921,
          "rmse": 0.5130516886711121,
          "mape": 130.7735137939453
        }
      },
      "best_results": [
        {
          "Métrica": "Loss",
          "Test Loss": 0.2630731001092575,
          "MAE": 0.2358754426240921,
          "RMSE": 0.5130516886711121,
          "MAPE (%)": 130.7735137939453,
          "Params": "{'input_dim': 1, 'hidden_dim': 64, 'output_dim': 1, 'seq_len': 12, 'horizon': 12, 'num_blocks': 3, 'kernel_size': 2, 'dilation_base': 2, 'gcn_depth': 2, 'propalpha': 0.05, 'node_dim': 16, 'dropout': 0.1, 'lr': 0.001, 'weight_decay': 0.0001, 'epochs': 50, 'patience': 5}"
        },
        {
          "Métrica": "MAE",
          "Test Loss": 0.2630731001092575,
          "MAE": 0.2358754426240921,
          "RMSE": 0.5130516886711121,
          "MAPE (%)": 130.7735137939453,