{
  "timestamp": "2026-03-06T17:30:47.309056",
  "total_experiments": 6,
  "successful_experiments": 6,
  "primary_metric": "MAE",
  "experiments": [
    {
      "experiment_name": "pems-bay_DCRNN_20260306_142338",
      "model": "DCRNN",
      "dataset": "pems-bay",
      "metadata": {
        "run_id": "20260306_142338",
        "device": "cuda",
        "num_nodes": 325,
        "seq_len": 12,
        "horizon": 12,
        "batch_size": 8,
        "normalization_stats": {
          "method": "zscore",
          "mean": 62.73689571599971,
          "std": 9.436833092265356
        },
        "total_configs": 1,
        "best_result": {
          "params": {
            "input_dim": 1,
            "hidden_dim": 64,
            "output_dim": 1,
            "seq_len": 12,
            "horizon": 12,
            "k": 2,
            "dropout": 0.1,
            "lr": 0.001,
            "weight_decay": 0.0001,
            "epochs": 200,
            "patience": 5,
            "use_scheduled_sampling": false,
            "teacher_forcing_ratio": 0.5
          },
          "test_loss": 0.2859407310129976,
          "mae": 0.28599652647972107,
          "rmse": 0.5348814725875854,
          "mape": 169.68814086914062
        }
      },
      "best_results": [
        {
          "Métrica": "Loss",
          "Test Loss": 0.2859407310129976,
          "MAE": 0.28599652647972107,
          "RMSE": 0.5348814725875854,
          "MAPE (%)": 169.68814086914062,
          "Params": "{'input_dim': 1, 'hidden_dim': 64, 'output_dim': 1, 'seq_len': 12, 'horizon': 12, 'k': 2, 'dropout': 0.1, 'lr': 0.001, 'weight_decay': 0.0001, 'epochs': 200, 'patience': 5, 'use_scheduled_sampling': False, 'teacher_forcing_ratio': 0.5}"
        },
        {
          "Métrica": "MAE",
          "Test Loss": 0.2859407310129976,
          "MAE": 0.28599652647972107,
          "RMSE": 0.5348814725875854,
          "MAPE (%)": 169.68814086914062,
          "Params": "{'input_dim': 1, 'hidden_dim': 64, 'output_dim': 1, 'seq_len': 12, 'horizon': 12, 'k': 2, 'dropout': 0.1, 'lr': 0.001, 'weight_decay': 0.0001, 'epochs': 200, 'patience': 5, 'use_scheduled_sampling': False, 'teacher_forcing_ratio': 0.5}"
        },
        {
          "Métrica": "RMSE",
          "Test Loss": 0.2859407310129976,
          "MAE": 0.28599652647972107,
          "RMSE": 0.5348814725875854,
          "MAPE (%)": 169.68814086914062,
          "Params": "{'input_dim': 1, 'hidden_dim': 64, 'output_dim': 1, 'seq_len': 12, 'horizon': 12, 'k': 2, 'dropout': 0.1, 'lr': 0.001, 'weight_decay': 0.0001, 'epochs': 200, 'patience': 5, 'use_scheduled_sampling': False, 'teacher_forcing_ratio': 0.5}"
        },
        {
          "Métrica": "MAPE",
          "Test Loss": 0.2859407310129976,
          "MAE": 0.28599652647972107,
          "RMSE": 0.5348814725875854,
          "MAPE (%)": 169.68814086914062,
          "Params": "{'input_dim': 1, 'hidden_dim': 64, 'output_dim': 1, 'seq_len': 12, 'horizon': 12, 'k': 2, 'dropout': 0.1, 'lr': 0.001, 'weight_decay': 0.0001, 'epochs': 200, 'patience': 5, 'use_scheduled_sampling': False, 'teacher_forcing_ratio': 0.5}"
        }
      ]
    },
    {
      "experiment_name": "pems-bay_GraphWaveNet_20260306_142338",
      "model": "GraphWaveNet",
      "dataset": "pems-bay",
      "metadata": {
        "run_id": "20260306_142338",
        "device": "cuda",
        "num_nodes": 325,
        "seq_len": 12,
        "horizon": 12,
        "batch_size": 8,
        "normalization_stats": {
          "method": "zscore",
          "mean": 62.73689571599971,
          "std": 9.436833092265356
        },
        "total_configs": 1,
        "best_result": {
          "params": {
            "input_dim": 1,
            "hidden_dim": 64,
            "output_dim": 1,
            "seq_len": 12,
            "horizon": 12,
            "num_blocks": 3,
            "dilation_base": 2,
            "k": 2,
            "dropout": 0.1,
            "lr": 0.001,
            "weight_decay": 0.0001,
            "epochs": 200,
            "patience": 5
          },
          "test_loss": 0.2049346020535425,
          "mae": 0.21524350345134735,
          "rmse": 0.45282214879989624,
          "mape": 121.45983123779297
        }
      },
      "best_results": [
        {
          "Métrica": "Loss",
          "Test Loss": 0.2049346020535425,
          "MAE": 0.21524350345134735,
          "RMSE": 0.45282214879989624,
          "MAPE (%)": 121.45983123779297,
          "Params": "{'input_dim': 1, 'hidden_dim': 64, 'output_dim': 1, 'seq_len': 12, 'horizon': 12, 'num_blocks': 3, 'dilation_base': 2, 'k': 2, 'dropout': 0.1, 'lr': 0.001, 'weight_decay': 0.0001, 'epochs': 200, 'patience': 5}"
        },
        {
          "Métrica": "MAE",
          "Test Loss": 0.2049346020535425,
          "MAE": 0.21524350345134735,
          "RMSE": 0.45282214879989624,
          "MAPE (%)": 121.45983123779297,
          "Params": "{'input_dim': 1, 'hidden_dim': 64, 'output_dim': 1, 'seq_len': 12, 'horizon': 12, 'num_blocks': 3, 'dilation_base': 2, 'k': 2, 'dropout': 0.1, 'lr': 0.001, 'weight_decay': 0.0001, 'epochs': 200, 'patience': 5}"
        },
        {
          "Métrica": "RMSE",
          "Test Loss": 0.2049346020535425,
          "MAE": 0.21524350345134735,
          "RMSE": 0.45282214879989624,
          "MAPE (%)": 121.45983123779297,
          "Params": "{'input_dim': 1, 'hidden_dim': 64, 'output_dim': 1, 'seq_len': 12, 'horizon': 12, 'num_blocks': 3, 'dilation_base': 2, 'k': 2, 'dropout': 0.1, 'lr': 0.001, 'weight_decay': 0.0001, 'epochs': 200, 'patience': 5}"
        },
        {
          "Métrica": "MAPE",
          "Test Loss": 0.2049346020535425,
          "MAE": 0.21524350345134735,
          "RMSE": 0.45282214879989624,
          "MAPE (%)": 121.45983123779297,
          "Params": "{'input_dim': 1, 'hidden_dim': 64, 'output_dim': 1, 'seq_len': 12, 'horizon': 12, 'num_blocks': 3, 'dilation_base': 2, 'k': 2, 'dropout': 0.1, 'lr': 0.001, 'weight_decay': 0.0001, 'epochs': 200, 'patience': 5}"
        }
      ]
    },
    {
      "experiment_name": "pems-bay_MTGNN_20260306_142338",
      "model": "MTGNN",
      "dataset": "pems-bay",
      "metadata": {
        "run_id": "20260306_142338",
        "device": "cuda",
        "num_nodes": 325,
        "seq_len": 12,
        "horizon": 12,
        "batch_size": 8,
        "normalization_stats": {
          "method": "zscore",
          "mean": 62.73689571599971,
          "std": 9.436833092265356
        },
        "total_configs": 1,
        "best_result": {
          "params": {
            "input_dim": 1,
            "hidden_dim": 64,
            "output_dim": 1,
            "seq_len": 12,
            "horizon": 12,
            "num_blocks": 3,
            "kernel_size": 2,
            "dilation_base": 2,
            "gcn_depth": 2,
            "propalpha": 0.05,
            "node_dim": 16,
            "dropout": 0.1,
            "lr": 0.001,
            "weight_decay": 0.0001,
            "epochs": 200,
            "patience": 5
          },
          "test_loss": 0.2577224064498086,
          "mae": 0.2404579371213913,
          "rmse": 0.5078129172325134,
          "mape": 135.35540771484375
        }
      },
      "best_results": [
        {
          "Métrica": "Loss",
          "Test Loss": 0.2577224064498086,
          "MAE": 0.2404579371213913,
          "RMSE": 0.5078129172325134,
          "MAPE (%)": 135.35540771484375,
          "Params": "{'input_dim': 1, 'hidden_dim': 64, 'output_dim': 1, 'seq_len': 12, 'horizon': 12, 'num_blocks': 3, 'kernel_size': 2, 'dilation_base': 2, 'gcn_depth': 2, 'propalpha': 0.05, 'node_dim': 16, 'dropout': 0.1, 'lr': 0.001, 'weight_decay': 0.0001, 'epochs': 200, 'patience': 5}"
        },
        {
          "Métrica": "MAE",
          "Test Loss": 0.2577224064498086,
          "MAE": 0.2404579371213913,
          "RMSE": 0.5078129172325134,
          "MAPE (%)": 135.35540771484375,