{
  "timestamp": "2026-03-06T16:29:44.832081",
  "experiment_name": "pems-bay_DGCRN_20260306_142338",
  "model": "DGCRN",
  "total_configs": 1,
  "best_by_loss": {
    "params": {
      "input_dim": 1,
      "hidden_dim": 64,
      "output_dim": 1,
      "seq_len": 12,
      "horizon": 12,
      "node_dim": 16,
      "gcn_depth": 2,
      "dropout": 0.1,
      "lr": 0.001,
      "weight_decay": 0.0001,
      "epochs": 200,
      "patience": 5
    },
    "test_loss": 0.25019212497640214,
    "mae": 0.24431131780147552,
    "rmse": 0.5003339648246765,
    "mape": 164.51795959472656
  },
  "best_by_mae": {
    "params": {
      "input_dim": 1,
      "hidden_dim": 64,
      "output_dim": 1,
      "seq_len": 12,
      "horizon": 12,
      "node_dim": 16,
      "gcn_depth": 2,
      "dropout": 0.1,
      "lr": 0.001,
      "weight_decay": 0.0001,
      "epochs": 200,
      "patience": 5
    },
    "test_loss": 0.25019212497640214,
    "mae": 0.24431131780147552,
    "rmse": 0.5003339648246765,
    "mape": 164.51795959472656
  },
  "best_by_rmse": {
    "params": {
      "input_dim": 1,
      "hidden_dim": 64,
      "output_dim": 1,
      "seq_len": 12,
      "horizon": 12,
      "node_dim": 16,
      "gcn_depth": 2,
      "dropout": 0.1,
      "lr": 0.001,
      "weight_decay": 0.0001,
      "epochs": 200,
      "patience": 5
    },
    "test_loss": 0.25019212497640214,
    "mae": 0.24431131780147552,
    "rmse": 0.5003339648246765,
    "mape": 164.51795959472656
  },
  "best_by_mape": {
    "params": {
      "input_dim": 1,
      "hidden_dim": 64,
      "output_dim": 1,
      "seq_len": 12,
      "horizon": 12,
      "node_dim": 16,
      "gcn_depth": 2,
      "dropout": 0.1,
      "lr": 0.001,
      "weight_decay": 0.0001,
      "epochs": 200,
      "patience": 5
    },
    "test_loss": 0.25019212497640214,
    "mae": 0.24431131780147552,
    "rmse": 0.5003339648246765,
    "mape": 164.51795959472656
  },
  "all_results": [
    {
      "params": {
        "input_dim": 1,
        "hidden_dim": 64,
        "output_dim": 1,
        "seq_len": 12,
        "horizon": 12,
        "node_dim": 16,
        "gcn_depth": 2,
        "dropout": 0.1,
        "lr": 0.001,
        "weight_decay": 0.0001,
        "epochs": 200,
        "patience": 5
      },
      "test_loss": 0.25019212497640214,
      "mae": 0.24431131780147552,
      "rmse": 0.5003339648246765,
      "mape": 164.51795959472656
    }
  ]
}