{
  "timestamp": "2026-03-04T20:03:14.240519",
  "experiment_name": "pems-bay_DGCRN_20260304_163952",
  "model": "DGCRN",
  "total_configs": 1,
  "best_by_loss": {
    "params": {
      "input_dim": 1,
      "hidden_dim": 64,
      "output_dim": 1,
      "seq_len": 12,
      "horizon": 12,
      "node_dim": 16,
      "gcn_depth": 2,
      "dropout": 0.1,
      "lr": 0.001,
      "weight_decay": 0.0001,
      "epochs": 50,
      "patience": 5
    },
    "test_loss": 0.25732581742783633,
    "mae": 0.269620418548584,
    "rmse": 0.507402777671814,
    "mape": 189.0216064453125
  },
  "best_by_mae": {
    "params": {
      "input_dim": 1,
      "hidden_dim": 64,
      "output_dim": 1,
      "seq_len": 12,
      "horizon": 12,
      "node_dim": 16,
      "gcn_depth": 2,
      "dropout": 0.1,
      "lr": 0.001,
      "weight_decay": 0.0001,
      "epochs": 50,
      "patience": 5
    },
    "test_loss": 0.25732581742783633,
    "mae": 0.269620418548584,
    "rmse": 0.507402777671814,
    "mape": 189.0216064453125
  },
  "best_by_rmse": {
    "params": {
      "input_dim": 1,
      "hidden_dim": 64,
      "output_dim": 1,
      "seq_len": 12,
      "horizon": 12,
      "node_dim": 16,
      "gcn_depth": 2,
      "dropout": 0.1,
      "lr": 0.001,
      "weight_decay": 0.0001,
      "epochs": 50,
      "patience": 5
    },
    "test_loss": 0.25732581742783633,
    "mae": 0.269620418548584,
    "rmse": 0.507402777671814,
    "mape": 189.0216064453125
  },
  "best_by_mape": {
    "params": {
      "input_dim": 1,
      "hidden_dim": 64,
      "output_dim": 1,
      "seq_len": 12,
      "horizon": 12,
      "node_dim": 16,
      "gcn_depth": 2,
      "dropout": 0.1,
      "lr": 0.001,
      "weight_decay": 0.0001,
      "epochs": 50,
      "patience": 5
    },
    "test_loss": 0.25732581742783633,
    "mae": 0.269620418548584,
    "rmse": 0.507402777671814,
    "mape": 189.0216064453125
  },
  "all_results": [
    {
      "params": {
        "input_dim": 1,
        "hidden_dim": 64,
        "output_dim": 1,
        "seq_len": 12,
        "horizon": 12,
        "node_dim": 16,
        "gcn_depth": 2,
        "dropout": 0.1,
        "lr": 0.001,
        "weight_decay": 0.0001,
        "epochs": 50,
        "patience": 5
      },
      "test_loss": 0.25732581742783633,
      "mae": 0.269620418548584,
      "rmse": 0.507402777671814,
      "mape": 189.0216064453125
    }
  ]
}