{
  "mae": 1.9585329294204712,
  "rmse": 4.1048078536987305,
  "mape": 111851.3046875
}