{
  "mae": 1.9214730262756348,
  "rmse": 4.088894367218018,
  "mape": 112538.5625
}