{
  "test_loss": 0.3646536495223224,
  "test_mae": 0.32370057702064514,
  "test_rmse": 0.6043792366981506,
  "test_mape": 114.26124572753906,
  "params": {
    "input_dim": 1,
    "output_dim": 1,
    "seq_len": 12,
    "horizon": 12,
    "hidden_dim": 32,
    "num_blocks": 3,
    "dilation_base": 2,
    "k": 2,
    "dropout": 0.1,
    "lr": 0.001,
    "weight_decay": 0.001,
    "epochs": 50,
    "patience": 10
  }
}