dataset,graph_name,strategy,auc_lcc_mean,auc_lcc_std,auc_efficiency_mean,auc_efficiency_std
metr-la,metr-la,random,0.4558212560386473,0.01381509721142895,0.7233153746192402,0.03650405509531177
metr-la,metr-la,targeted_degree,0.38768115942028997,,0.43828831742621865,
metr-la,metr-la-by-disp_fil-with-alpah_filter0_3,random,0.20922705314009665,0.042694833894510516,0.3867359634473901,0.05505156440352169
metr-la,metr-la-by-disp_fil-with-alpah_filter0_3,targeted_degree,0.10954106280193236,,0.1466878174066539,
