{
  "timestamp": "2026-04-08T06:20:15.618435",
  "experiment_name": "original_metr-la_MTGNN_08_04_2026-00h_18-epoch_2",
  "model": "MTGNN",
  "dataset": "metr-la",
  "selection_metric": "val_mae",
  "seeds": [
    42
  ],
  "trial_results_file": "results/original/json/original_metr-la_MTGNN_08_04_2026-00h_18-epoch_2_trial_results.json",
  "config_summaries_file": "results/original/json/original_metr-la_MTGNN_08_04_2026-00h_18-epoch_2_config_summaries.json",
  "selected_config": {
    "params": {
      "input_dim": 1,
      "hidden_dim": 64,
      "output_dim": 1,
      "seq_len": 12,
      "horizon": 12,
      "num_blocks": 3,
      "kernel_size": 2,
      "dilation_base": 2,
      "gcn_depth": 2,
      "propalpha": 0.05,
      "node_dim": 16,
      "dropout": 0.1,
      "lr": 0.001,
      "weight_decay": 0.0001,
      "epochs": 2,
      "patience": 5
    },
    "num_completed_seeds": 1,
    "seeds": [
      42
    ],
    "val_mae_mean": 5.690948009490967,
    "val_mae_std": 0.0,
    "val_mae_ci95_low": 5.690948009490967,
    "val_mae_ci95_high": 5.690948009490967,
    "val_mae_min": 5.690948009490967,
    "val_mae_max": 5.690948009490967,
    "val_mae_n": 1,
    "val_rmse_mean": 11.212380409240723,
    "val_rmse_std": 0.0,
    "val_rmse_ci95_low": 11.212380409240723,
    "val_rmse_ci95_high": 11.212380409240723,
    "val_rmse_min": 11.212380409240723,
    "val_rmse_max": 11.212380409240723,
    "val_rmse_n": 1,
    "val_mape_mean": 12632709120.0,
    "val_mape_std": 0.0,
    "val_mape_ci95_low": 12632709120.0,
    "val_mape_ci95_high": 12632709120.0,
    "val_mape_min": 12632709120.0,
    "val_mape_max": 12632709120.0,
    "val_mape_n": 1,
    "val_smape_mean": 24.012596130371094,
    "val_smape_std": 0.0,
    "val_smape_ci95_low": 24.012596130371094,
    "val_smape_ci95_high": 24.012596130371094,
    "val_smape_min": 24.012596130371094,
    "val_smape_max": 24.012596130371094,
    "val_smape_n": 1,
    "val_wape_mean": 10.37733268737793,
    "val_wape_std": 0.0,
    "val_wape_ci95_low": 10.37733268737793,
    "val_wape_ci95_high": 10.37733268737793,
    "val_wape_min": 10.37733268737793,
    "val_wape_max": 10.37733268737793,
    "val_wape_n": 1,
    "val_loss_normalized_mean": 0.32836349708614526,
    "val_loss_normalized_std": 0.0,
    "val_loss_normalized_ci95_low": 0.32836349708614526,
    "val_loss_normalized_ci95_high": 0.32836349708614526,
    "val_loss_normalized_min": 0.32836349708614526,
    "val_loss_normalized_max": 0.32836349708614526,
    "val_loss_normalized_n": 1
  }
}