graph_name,dataset,role,source_path,num_nodes,num_edges,density,average_degree,average_strength,edge_weight_mean,edge_weight_median,edge_weight_std,edge_weight_min,edge_weight_max,average_clustering,average_weighted_clustering,transitivity,local_efficiency_mean,edge_overlap_mean,is_connected,num_connected_components,giant_component_size,giant_component_ratio,node_connectivity_gcc,edge_connectivity_gcc,degree_assortativity,num_communities,modularity,largest_community_size,largest_community_ratio,avg_path_length_gcc,median_path_length_gcc,p90_path_length_gcc,diameter_gcc,avg_weighted_distance_gcc,global_efficiency
pems-bay-by-disp_fil-with-alpah_filter0_3,pems-bay,backbone,/home/suleimane/master/main/master-main/data/GraphML/pems-bay-by-disp_fil-with-alpah_filter0_3.GraphML,325,858,0.016296296296296295,5.28,4.433782635652102,0.8397315597825951,0.8749342262744904,0.13329311927301046,0.4068290591239929,0.9999991655349731,0.6493393785701479,0.5569955775450401,0.6579716193656093,0.7508805339959187,0.5193193105780518,False,21,137,0.42153846153846153,1.0,1.0,0.7446902479559421,32,0.8976814062139393,42,0.12923076923076923,7.765671962215543,8.0,13.0,23.0,11.119640627130828,0.05363065229118556
pems-bay,pems-bay,original,/home/suleimane/master/main/master-main/data/GraphML/pems-bay.GraphML,325,2079,0.03948717948717949,12.793846153846154,6.782441039543886,0.5301330778864268,0.5085046887397766,0.3024704482391964,0.10002011805772781,0.9999991655349731,0.67370964210499,0.36636250565788214,0.6494298859771954,0.8129606394965085,0.5242426334344882,False,7,319,0.9815384615384616,1.0,1.0,0.5695754396245535,19,0.8198383044484713,67,0.20615384615384616,5.161570158317068,5.0,8.0,13.0,15.547299238527271,0.24234533910758127
