{
  "mae": 6.825336456298828,
  "rmse": 12.384025573730469,
  "mape": 20801755136.0
}