{
  "timestamp": "2026-04-22T19:29:21.495160",
  "experiment_name": "simple_metr-la_MTGNN_22_04_2026-17h_33-epoch_30",
  "model": "MTGNN",
  "dataset": "metr-la",
  "selection_metric": "val_mae",
  "seeds": [
    42
  ],
  "params": {
    "hidden_dim": 64,
    "num_blocks": 3,
    "kernel_size": 2,
    "dilation_base": 2,
    "gcn_depth": 2,
    "propalpha": 0.05,
    "node_dim": 16,
    "dropout": 0.1,
    "lr": 0.001,
    "weight_decay": 0.0001,
    "patience": 5
  },
  "final_test_results_file": "/media/work/suleimaneducure/codes/master-main/results/smoke/json/simple_metr-la_MTGNN_22_04_2026-17h_33-epoch_30_final_test_results.json",
  "config_summaries_file": "/media/work/suleimaneducure/codes/master-main/results/smoke/json/simple_metr-la_MTGNN_22_04_2026-17h_33-epoch_30_config_summaries.json",
  "selected_config": {
    "params": {
      "hidden_dim": 64,
      "num_blocks": 3,
      "kernel_size": 2,
      "dilation_base": 2,
      "gcn_depth": 2,
      "propalpha": 0.05,
      "node_dim": 16,
      "dropout": 0.1,
      "lr": 0.001,
      "weight_decay": 0.0001,
      "patience": 5
    },
    "num_completed_seeds": 1,
    "seeds": [
      42
    ],
    "val_mae_mean": 5.849453449249268,
    "val_mae_std": 0.0,
    "val_mae_ci95_low": 5.849453449249268,
    "val_mae_ci95_high": 5.849453449249268,
    "val_mae_min": 5.849453449249268,
    "val_mae_max": 5.849453449249268,
    "val_mae_n": 1,
    "val_rmse_mean": 11.221933364868164,
    "val_rmse_std": 0.0,
    "val_rmse_ci95_low": 11.221933364868164,
    "val_rmse_ci95_high": 11.221933364868164,
    "val_rmse_min": 11.221933364868164,
    "val_rmse_max": 11.221933364868164,
    "val_rmse_n": 1,
    "val_mape_mean": 13322028032.0,
    "val_mape_std": 0.0,
    "val_mape_ci95_low": 13322028032.0,
    "val_mape_ci95_high": 13322028032.0,
    "val_mape_min": 13322028032.0,
    "val_mape_max": 13322028032.0,
    "val_mape_n": 1,
    "val_smape_mean": 24.120214462280273,
    "val_smape_std": 0.0,
    "val_smape_ci95_low": 24.120214462280273,
    "val_smape_ci95_high": 24.120214462280273,
    "val_smape_min": 24.120214462280273,
    "val_smape_max": 24.120214462280273,
    "val_smape_n": 1,
    "val_wape_mean": 10.666363716125488,
    "val_wape_std": 0.0,
    "val_wape_ci95_low": 10.666363716125488,
    "val_wape_ci95_high": 10.666363716125488,
    "val_wape_min": 10.666363716125488,
    "val_wape_max": 10.666363716125488,
    "val_wape_n": 1,
    "val_loss_normalized_mean": 0.33040779726318664,
    "val_loss_normalized_std": 0.0,
    "val_loss_normalized_ci95_low": 0.33040779726318664,
    "val_loss_normalized_ci95_high": 0.33040779726318664,
    "val_loss_normalized_min": 0.33040779726318664,
    "val_loss_normalized_max": 0.33040779726318664,
    "val_loss_normalized_n": 1
  },
  "final_summary": {
    "timestamp": "2026-04-22T19:29:21.472403",
    "experiment_name": "simple_metr-la_MTGNN_22_04_2026-17h_33-epoch_30",
    "model": "MTGNN",
    "dataset": "metr-la",
    "selection_metric": "val_mae",
    "selected_params": {
      "hidden_dim": 64,
      "num_blocks": 3,
      "kernel_size": 2,
      "dilation_base": 2,
      "gcn_depth": 2,
      "propalpha": 0.05,
      "node_dim": 16,
      "dropout": 0.1,
      "lr": 0.001,
      "weight_decay": 0.0001,
      "patience": 5
    },
    "selected_num_completed_seeds": 1,
    "final_num_completed_seeds": 1,
    "test_mae_mean": 6.811145305633545,
    "test_mae_std": 0.0,
    "test_mae_ci95_low": 6.811145305633545,
    "test_mae_ci95_high": 6.811145305633545,
    "test_mae_min": 6.811145305633545,
    "test_mae_max": 6.811145305633545,
    "test_mae_n": 1,
    "test_rmse_mean": 12.370655059814453,
    "test_rmse_std": 0.0,
    "test_rmse_ci95_low": 12.370655059814453,
    "test_rmse_ci95_high": 12.370655059814453,
    "test_rmse_min": 12.370655059814453,
    "test_rmse_max": 12.370655059814453,
    "test_rmse_n": 1,
    "test_mape_mean": 20487247872.0,
    "test_mape_std": 0.0,
    "test_mape_ci95_low": 20487247872.0,
    "test_mape_ci95_high": 20487247872.0,
    "test_mape_min": 20487247872.0,
    "test_mape_max": 20487247872.0,
    "test_mape_n": 1,
    "test_smape_mean": 35.19700622558594,
    "test_smape_std": 0.0,
    "test_smape_ci95_low": 35.19700622558594,
    "test_smape_ci95_high": 35.19700622558594,
    "test_smape_min": 35.19700622558594,
    "test_smape_max": 35.19700622558594,
    "test_smape_n": 1,
    "test_wape_mean": 13.423812866210938,
    "test_wape_std": 0.0,
    "test_wape_ci95_low": 13.423812866210938,
    "test_wape_ci95_high": 13.423812866210938,
    "test_wape_min": 13.423812866210938,
    "test_wape_max": 13.423812866210938,
    "test_wape_n": 1,
    "test_loss_normalized_mean": 0.4019484481312961,
    "test_loss_normalized_std": 0.0,
    "test_loss_normalized_ci95_low": 0.4019484481312961,
    "test_loss_normalized_ci95_high": 0.4019484481312961,
    "test_loss_normalized_min": 0.4019484481312961,
    "test_loss_normalized_max": 0.4019484481312961,
    "test_loss_normalized_n": 1,
    "selected_config_summary": {
      "params": {
        "hidden_dim": 64,
        "num_blocks": 3,
        "kernel_size": 2,
        "dilation_base": 2,
        "gcn_depth": 2,
        "propalpha": 0.05,
        "node_dim": 16,
        "dropout": 0.1,
        "lr": 0.001,
        "weight_decay": 0.0001,
        "patience": 5
      },
      "num_completed_seeds": 1,
      "seeds": [
        42
      ],
      "val_mae_mean": 5.849453449249268,
      "val_mae_std": 0.0,
      "val_mae_ci95_low": 5.849453449249268,
      "val_mae_ci95_high": 5.849453449249268,
      "val_mae_min": 5.849453449249268,
      "val_mae_max": 5.849453449249268,
      "val_mae_n": 1,
      "val_rmse_mean": 11.221933364868164,
      "val_rmse_std": 0.0,
      "val_rmse_ci95_low": 11.221933364868164,
      "val_rmse_ci95_high": 11.221933364868164,
      "val_rmse_min": 11.221933364868164,
      "val_rmse_max": 11.221933364868164,
      "val_rmse_n": 1,
      "val_mape_mean": 13322028032.0,
      "val_mape_std": 0.0,
      "val_mape_ci95_low": 13322028032.0,
      "val_mape_ci95_high": 13322028032.0,
      "val_mape_min": 13322028032.0,
      "val_mape_max": 13322028032.0,
      "val_mape_n": 1,
      "val_smape_mean": 24.120214462280273,
      "val_smape_std": 0.0,
      "val_smape_ci95_low": 24.120214462280273,
      "val_smape_ci95_high": 24.120214462280273,
      "val_smape_min": 24.120214462280273,
      "val_smape_max": 24.120214462280273,
      "val_smape_n": 1,
      "val_wape_mean": 10.666363716125488,
      "val_wape_std": 0.0,
      "val_wape_ci95_low": 10.666363716125488,
      "val_wape_ci95_high": 10.666363716125488,
      "val_wape_min": 10.666363716125488,
      "val_wape_max": 10.666363716125488,
      "val_wape_n": 1,
      "val_loss_normalized_mean": 0.33040779726318664,
      "val_loss_normalized_std": 0.0,
      "val_loss_normalized_ci95_low": 0.33040779726318664,
      "val_loss_normalized_ci95_high": 0.33040779726318664,
      "val_loss_normalized_min": 0.33040779726318664,
      "val_loss_normalized_max": 0.33040779726318664,
      "val_loss_normalized_n": 1
    }
  }
}