{
  "mae": 6.811145305633545,
  "rmse": 12.370655059814453,
  "mape": 20487247872.0
}