{
  "timestamp": "2026-04-22T19:40:52.073819",
  "experiment_name": "simple_metr-la_STICformer_22_04_2026-17h_33-epoch_30",
  "model": "STICformer",
  "dataset": "metr-la",
  "selection_metric": "val_mae",
  "seeds": [
    42
  ],
  "params": {
    "hidden_dim": 64,
    "num_layers": 2,
    "num_heads": 4,
    "ff_multiplier": 2,
    "dropout": 0.1,
    "lr": 0.001,
    "weight_decay": 0.0001,
    "patience": 5
  },
  "final_test_results_file": "/media/work/suleimaneducure/codes/master-main/results/smoke/json/simple_metr-la_STICformer_22_04_2026-17h_33-epoch_30_final_test_results.json",
  "config_summaries_file": "/media/work/suleimaneducure/codes/master-main/results/smoke/json/simple_metr-la_STICformer_22_04_2026-17h_33-epoch_30_config_summaries.json",
  "selected_config": {
    "params": {
      "hidden_dim": 64,
      "num_layers": 2,
      "num_heads": 4,
      "ff_multiplier": 2,
      "dropout": 0.1,
      "lr": 0.001,
      "weight_decay": 0.0001,
      "patience": 5
    },
    "num_completed_seeds": 1,
    "seeds": [
      42
    ],
    "val_mae_mean": 5.187530994415283,
    "val_mae_std": 0.0,
    "val_mae_ci95_low": 5.187530994415283,
    "val_mae_ci95_high": 5.187530994415283,
    "val_mae_min": 5.187530994415283,
    "val_mae_max": 5.187530994415283,
    "val_mae_n": 1,
    "val_rmse_mean": 10.798018455505371,
    "val_rmse_std": 0.0,
    "val_rmse_ci95_low": 10.798018455505371,
    "val_rmse_ci95_high": 10.798018455505371,
    "val_rmse_min": 10.798018455505371,
    "val_rmse_max": 10.798018455505371,
    "val_rmse_n": 1,
    "val_mape_mean": 11997708288.0,
    "val_mape_std": 0.0,
    "val_mape_ci95_low": 11997708288.0,
    "val_mape_ci95_high": 11997708288.0,
    "val_mape_min": 11997708288.0,
    "val_mape_max": 11997708288.0,
    "val_mape_n": 1,
    "val_smape_mean": 23.09780502319336,
    "val_smape_std": 0.0,
    "val_smape_ci95_low": 23.09780502319336,
    "val_smape_ci95_high": 23.09780502319336,
    "val_smape_min": 23.09780502319336,
    "val_smape_max": 23.09780502319336,
    "val_smape_n": 1,
    "val_wape_mean": 9.45936107635498,
    "val_wape_std": 0.0,
    "val_wape_ci95_low": 9.45936107635498,
    "val_wape_ci95_high": 9.45936107635498,
    "val_wape_min": 9.45936107635498,
    "val_wape_max": 9.45936107635498,
    "val_wape_n": 1,
    "val_loss_normalized_mean": 0.30588421422257045,
    "val_loss_normalized_std": 0.0,
    "val_loss_normalized_ci95_low": 0.30588421422257045,
    "val_loss_normalized_ci95_high": 0.30588421422257045,
    "val_loss_normalized_min": 0.30588421422257045,
    "val_loss_normalized_max": 0.30588421422257045,
    "val_loss_normalized_n": 1
  },
  "final_summary": {
    "timestamp": "2026-04-22T19:40:52.061461",
    "experiment_name": "simple_metr-la_STICformer_22_04_2026-17h_33-epoch_30",
    "model": "STICformer",
    "dataset": "metr-la",
    "selection_metric": "val_mae",
    "selected_params": {
      "hidden_dim": 64,
      "num_layers": 2,
      "num_heads": 4,
      "ff_multiplier": 2,
      "dropout": 0.1,
      "lr": 0.001,
      "weight_decay": 0.0001,
      "patience": 5
    },
    "selected_num_completed_seeds": 1,
    "final_num_completed_seeds": 1,
    "test_mae_mean": 5.9971747398376465,
    "test_mae_std": 0.0,
    "test_mae_ci95_low": 5.9971747398376465,
    "test_mae_ci95_high": 5.9971747398376465,
    "test_mae_min": 5.9971747398376465,
    "test_mae_max": 5.9971747398376465,
    "test_mae_n": 1,
    "test_rmse_mean": 11.857365608215332,
    "test_rmse_std": 0.0,
    "test_rmse_ci95_low": 11.857365608215332,
    "test_rmse_ci95_high": 11.857365608215332,
    "test_rmse_min": 11.857365608215332,
    "test_rmse_max": 11.857365608215332,
    "test_rmse_n": 1,
    "test_mape_mean": 17236490240.0,
    "test_mape_std": 0.0,
    "test_mape_ci95_low": 17236490240.0,
    "test_mape_ci95_high": 17236490240.0,
    "test_mape_min": 17236490240.0,
    "test_mape_max": 17236490240.0,
    "test_mape_n": 1,
    "test_smape_mean": 34.23065185546875,
    "test_smape_std": 0.0,
    "test_smape_ci95_low": 34.23065185546875,
    "test_smape_ci95_high": 34.23065185546875,
    "test_smape_min": 34.23065185546875,
    "test_smape_max": 34.23065185546875,
    "test_smape_n": 1,
    "test_wape_mean": 11.81959056854248,
    "test_wape_std": 0.0,
    "test_wape_ci95_low": 11.81959056854248,
    "test_wape_ci95_high": 11.81959056854248,
    "test_wape_min": 11.81959056854248,
    "test_wape_max": 11.81959056854248,
    "test_wape_n": 1,
    "test_loss_normalized_mean": 0.3692720033855082,
    "test_loss_normalized_std": 0.0,
    "test_loss_normalized_ci95_low": 0.3692720033855082,
    "test_loss_normalized_ci95_high": 0.3692720033855082,
    "test_loss_normalized_min": 0.3692720033855082,
    "test_loss_normalized_max": 0.3692720033855082,
    "test_loss_normalized_n": 1,
    "selected_config_summary": {
      "params": {
        "hidden_dim": 64,
        "num_layers": 2,
        "num_heads": 4,
        "ff_multiplier": 2,
        "dropout": 0.1,
        "lr": 0.001,
        "weight_decay": 0.0001,
        "patience": 5
      },
      "num_completed_seeds": 1,
      "seeds": [
        42
      ],
      "val_mae_mean": 5.187530994415283,
      "val_mae_std": 0.0,
      "val_mae_ci95_low": 5.187530994415283,
      "val_mae_ci95_high": 5.187530994415283,
      "val_mae_min": 5.187530994415283,
      "val_mae_max": 5.187530994415283,
      "val_mae_n": 1,
      "val_rmse_mean": 10.798018455505371,
      "val_rmse_std": 0.0,
      "val_rmse_ci95_low": 10.798018455505371,
      "val_rmse_ci95_high": 10.798018455505371,
      "val_rmse_min": 10.798018455505371,
      "val_rmse_max": 10.798018455505371,
      "val_rmse_n": 1,
      "val_mape_mean": 11997708288.0,
      "val_mape_std": 0.0,
      "val_mape_ci95_low": 11997708288.0,
      "val_mape_ci95_high": 11997708288.0,
      "val_mape_min": 11997708288.0,
      "val_mape_max": 11997708288.0,
      "val_mape_n": 1,
      "val_smape_mean": 23.09780502319336,
      "val_smape_std": 0.0,
      "val_smape_ci95_low": 23.09780502319336,
      "val_smape_ci95_high": 23.09780502319336,
      "val_smape_min": 23.09780502319336,
      "val_smape_max": 23.09780502319336,
      "val_smape_n": 1,
      "val_wape_mean": 9.45936107635498,
      "val_wape_std": 0.0,
      "val_wape_ci95_low": 9.45936107635498,
      "val_wape_ci95_high": 9.45936107635498,
      "val_wape_min": 9.45936107635498,
      "val_wape_max": 9.45936107635498,
      "val_wape_n": 1,
      "val_loss_normalized_mean": 0.30588421422257045,
      "val_loss_normalized_std": 0.0,
      "val_loss_normalized_ci95_low": 0.30588421422257045,
      "val_loss_normalized_ci95_high": 0.30588421422257045,
      "val_loss_normalized_min": 0.30588421422257045,
      "val_loss_normalized_max": 0.30588421422257045,
      "val_loss_normalized_n": 1
    }
  }
}