{
  "timestamp": "2026-04-22T11:42:09.859708",
  "experiment_name": "simple_backbone_metr-la-by-disp_fil-with-alpah_filter0_4_STICformer_22_04_2026-11h_30-epoch_1",
  "model": "STICformer",
  "dataset": "metr-la-by-disp_fil-with-alpah_filter0_4",
  "selection_metric": "val_mae",
  "seeds": [
    42
  ],
  "params": {
    "hidden_dim": 64,
    "num_layers": 2,
    "num_heads": 4,
    "ff_multiplier": 2,
    "dropout": 0.1,
    "lr": 0.001,
    "weight_decay": 0.0001,
    "patience": 5
  },
  "final_test_results_file": "/home/suleimane/master/main/master-main/results/smoke/json/simple_backbone_metr-la-by-disp_fil-with-alpah_filter0_4_STICformer_22_04_2026-11h_30-epoch_1_final_test_results.json",
  "config_summaries_file": "/home/suleimane/master/main/master-main/results/smoke/json/simple_backbone_metr-la-by-disp_fil-with-alpah_filter0_4_STICformer_22_04_2026-11h_30-epoch_1_config_summaries.json",
  "selected_config": {
    "params": {
      "hidden_dim": 64,
      "num_layers": 2,
      "num_heads": 4,
      "ff_multiplier": 2,
      "dropout": 0.1,
      "lr": 0.001,
      "weight_decay": 0.0001,
      "patience": 5
    },
    "num_completed_seeds": 1,
    "seeds": [
      42
    ],
    "val_mae_mean": 5.278532028198242,
    "val_mae_std": 0.0,
    "val_mae_ci95_low": 5.278532028198242,
    "val_mae_ci95_high": 5.278532028198242,
    "val_mae_min": 5.278532028198242,
    "val_mae_max": 5.278532028198242,
    "val_mae_n": 1,
    "val_rmse_mean": 11.056509017944336,
    "val_rmse_std": 0.0,
    "val_rmse_ci95_low": 11.056509017944336,
    "val_rmse_ci95_high": 11.056509017944336,
    "val_rmse_min": 11.056509017944336,
    "val_rmse_max": 11.056509017944336,
    "val_rmse_n": 1,
    "val_mape_mean": 11021814784.0,
    "val_mape_std": 0.0,
    "val_mape_ci95_low": 11021814784.0,
    "val_mape_ci95_high": 11021814784.0,
    "val_mape_min": 11021814784.0,
    "val_mape_max": 11021814784.0,
    "val_mape_n": 1,
    "val_smape_mean": 23.555715560913086,
    "val_smape_std": 0.0,
    "val_smape_ci95_low": 23.555715560913086,
    "val_smape_ci95_high": 23.555715560913086,
    "val_smape_min": 23.555715560913086,
    "val_smape_max": 23.555715560913086,
    "val_smape_n": 1,
    "val_wape_mean": 9.62529468536377,
    "val_wape_std": 0.0,
    "val_wape_ci95_low": 9.62529468536377,
    "val_wape_ci95_high": 9.62529468536377,
    "val_wape_min": 9.62529468536377,
    "val_wape_max": 9.62529468536377,
    "val_wape_n": 1,
    "val_loss_normalized_mean": 0.32070775674743074,
    "val_loss_normalized_std": 0.0,
    "val_loss_normalized_ci95_low": 0.32070775674743074,
    "val_loss_normalized_ci95_high": 0.32070775674743074,
    "val_loss_normalized_min": 0.32070775674743074,
    "val_loss_normalized_max": 0.32070775674743074,
    "val_loss_normalized_n": 1
  },
  "final_summary": {
    "timestamp": "2026-04-22T11:42:09.855964",
    "experiment_name": "simple_backbone_metr-la-by-disp_fil-with-alpah_filter0_4_STICformer_22_04_2026-11h_30-epoch_1",
    "model": "STICformer",
    "dataset": "metr-la-by-disp_fil-with-alpah_filter0_4",
    "selection_metric": "val_mae",
    "selected_params": {
      "hidden_dim": 64,
      "num_layers": 2,
      "num_heads": 4,
      "ff_multiplier": 2,
      "dropout": 0.1,
      "lr": 0.001,
      "weight_decay": 0.0001,
      "patience": 5
    },
    "selected_num_completed_seeds": 1,
    "final_num_completed_seeds": 1,
    "test_mae_mean": 5.9449262619018555,
    "test_mae_std": 0.0,
    "test_mae_ci95_low": 5.9449262619018555,
    "test_mae_ci95_high": 5.9449262619018555,
    "test_mae_min": 5.9449262619018555,
    "test_mae_max": 5.9449262619018555,
    "test_mae_n": 1,
    "test_rmse_mean": 12.080573081970215,
    "test_rmse_std": 0.0,
    "test_rmse_ci95_low": 12.080573081970215,
    "test_rmse_ci95_high": 12.080573081970215,
    "test_rmse_min": 12.080573081970215,
    "test_rmse_max": 12.080573081970215,
    "test_rmse_n": 1,
    "test_mape_mean": 15281351680.0,
    "test_mape_std": 0.0,
    "test_mape_ci95_low": 15281351680.0,
    "test_mape_ci95_high": 15281351680.0,
    "test_mape_min": 15281351680.0,
    "test_mape_max": 15281351680.0,
    "test_mape_n": 1,
    "test_smape_mean": 34.66986083984375,
    "test_smape_std": 0.0,
    "test_smape_ci95_low": 34.66986083984375,
    "test_smape_ci95_high": 34.66986083984375,
    "test_smape_min": 34.66986083984375,
    "test_smape_max": 34.66986083984375,
    "test_smape_n": 1,
    "test_wape_mean": 11.716593742370605,
    "test_wape_std": 0.0,
    "test_wape_ci95_low": 11.716593742370605,
    "test_wape_ci95_high": 11.716593742370605,
    "test_wape_min": 11.716593742370605,
    "test_wape_max": 11.716593742370605,
    "test_wape_n": 1,
    "test_loss_normalized_mean": 0.3832952593078959,
    "test_loss_normalized_std": 0.0,
    "test_loss_normalized_ci95_low": 0.3832952593078959,
    "test_loss_normalized_ci95_high": 0.3832952593078959,
    "test_loss_normalized_min": 0.3832952593078959,
    "test_loss_normalized_max": 0.3832952593078959,
    "test_loss_normalized_n": 1,
    "selected_config_summary": {
      "params": {
        "hidden_dim": 64,
        "num_layers": 2,
        "num_heads": 4,
        "ff_multiplier": 2,
        "dropout": 0.1,
        "lr": 0.001,
        "weight_decay": 0.0001,
        "patience": 5
      },
      "num_completed_seeds": 1,
      "seeds": [
        42
      ],
      "val_mae_mean": 5.278532028198242,
      "val_mae_std": 0.0,
      "val_mae_ci95_low": 5.278532028198242,
      "val_mae_ci95_high": 5.278532028198242,
      "val_mae_min": 5.278532028198242,
      "val_mae_max": 5.278532028198242,
      "val_mae_n": 1,
      "val_rmse_mean": 11.056509017944336,
      "val_rmse_std": 0.0,
      "val_rmse_ci95_low": 11.056509017944336,
      "val_rmse_ci95_high": 11.056509017944336,
      "val_rmse_min": 11.056509017944336,
      "val_rmse_max": 11.056509017944336,
      "val_rmse_n": 1,
      "val_mape_mean": 11021814784.0,
      "val_mape_std": 0.0,
      "val_mape_ci95_low": 11021814784.0,
      "val_mape_ci95_high": 11021814784.0,
      "val_mape_min": 11021814784.0,
      "val_mape_max": 11021814784.0,
      "val_mape_n": 1,
      "val_smape_mean": 23.555715560913086,
      "val_smape_std": 0.0,
      "val_smape_ci95_low": 23.555715560913086,
      "val_smape_ci95_high": 23.555715560913086,
      "val_smape_min": 23.555715560913086,
      "val_smape_max": 23.555715560913086,
      "val_smape_n": 1,
      "val_wape_mean": 9.62529468536377,
      "val_wape_std": 0.0,
      "val_wape_ci95_low": 9.62529468536377,
      "val_wape_ci95_high": 9.62529468536377,
      "val_wape_min": 9.62529468536377,
      "val_wape_max": 9.62529468536377,
      "val_wape_n": 1,
      "val_loss_normalized_mean": 0.32070775674743074,
      "val_loss_normalized_std": 0.0,
      "val_loss_normalized_ci95_low": 0.32070775674743074,
      "val_loss_normalized_ci95_high": 0.32070775674743074,
      "val_loss_normalized_min": 0.32070775674743074,
      "val_loss_normalized_max": 0.32070775674743074,
      "val_loss_normalized_n": 1
    }
  }
}