{
  "mae": 6.086365699768066,
  "rmse": 11.91264820098877,
  "mape": 20176918528.0
}