{
  "timestamp": "2026-04-22T20:09:06.572201",
  "experiment_name": "simple_backbone_metr-la-by-nois_corr-with-alpah_filter0_4_GraphWaveNet_22_04_2026-17h_33-epoch_30",
  "model": "GraphWaveNet",
  "dataset": "metr-la-by-nois_corr-with-alpah_filter0_4",
  "selection_metric": "val_mae",
  "seeds": [
    42
  ],
  "params": {
    "hidden_dim": 64,
    "num_blocks": 3,
    "dilation_base": 2,
    "k": 2,
    "dropout": 0.1,
    "lr": 0.001,
    "weight_decay": 0.0001,
    "patience": 5
  },
  "final_test_results_file": "/media/work/suleimaneducure/codes/master-main/results/smoke/json/simple_backbone_metr-la-by-nois_corr-with-alpah_filter0_4_GraphWaveNet_22_04_2026-17h_33-epoch_30_final_test_results.json",
  "config_summaries_file": "/media/work/suleimaneducure/codes/master-main/results/smoke/json/simple_backbone_metr-la-by-nois_corr-with-alpah_filter0_4_GraphWaveNet_22_04_2026-17h_33-epoch_30_config_summaries.json",
  "selected_config": {
    "params": {
      "hidden_dim": 64,
      "num_blocks": 3,
      "dilation_base": 2,
      "k": 2,
      "dropout": 0.1,
      "lr": 0.001,
      "weight_decay": 0.0001,
      "patience": 5
    },
    "num_completed_seeds": 1,
    "seeds": [
      42
    ],
    "val_mae_mean": 5.340566158294678,
    "val_mae_std": 0.0,
    "val_mae_ci95_low": 5.340566158294678,
    "val_mae_ci95_high": 5.340566158294678,
    "val_mae_min": 5.340566158294678,
    "val_mae_max": 5.340566158294678,
    "val_mae_n": 1,
    "val_rmse_mean": 10.993570327758789,
    "val_rmse_std": 0.0,
    "val_rmse_ci95_low": 10.993570327758789,
    "val_rmse_ci95_high": 10.993570327758789,
    "val_rmse_min": 10.993570327758789,
    "val_rmse_max": 10.993570327758789,
    "val_rmse_n": 1,
    "val_mape_mean": 12100016128.0,
    "val_mape_std": 0.0,
    "val_mape_ci95_low": 12100016128.0,
    "val_mape_ci95_high": 12100016128.0,
    "val_mape_min": 12100016128.0,
    "val_mape_max": 12100016128.0,
    "val_mape_n": 1,
    "val_smape_mean": 23.30013084411621,
    "val_smape_std": 0.0,
    "val_smape_ci95_low": 23.30013084411621,
    "val_smape_ci95_high": 23.30013084411621,
    "val_smape_min": 23.30013084411621,
    "val_smape_max": 23.30013084411621,
    "val_smape_n": 1,
    "val_wape_mean": 9.738417625427246,
    "val_wape_std": 0.0,
    "val_wape_ci95_low": 9.738417625427246,
    "val_wape_ci95_high": 9.738417625427246,
    "val_wape_min": 9.738417625427246,
    "val_wape_max": 9.738417625427246,
    "val_wape_n": 1,
    "val_loss_normalized_mean": 0.3170562885771288,
    "val_loss_normalized_std": 0.0,
    "val_loss_normalized_ci95_low": 0.3170562885771288,
    "val_loss_normalized_ci95_high": 0.3170562885771288,
    "val_loss_normalized_min": 0.3170562885771288,
    "val_loss_normalized_max": 0.3170562885771288,
    "val_loss_normalized_n": 1
  },
  "final_summary": {
    "timestamp": "2026-04-22T20:09:06.544633",
    "experiment_name": "simple_backbone_metr-la-by-nois_corr-with-alpah_filter0_4_GraphWaveNet_22_04_2026-17h_33-epoch_30",
    "model": "GraphWaveNet",
    "dataset": "metr-la-by-nois_corr-with-alpah_filter0_4",
    "selection_metric": "val_mae",
    "selected_params": {
      "hidden_dim": 64,
      "num_blocks": 3,
      "dilation_base": 2,
      "k": 2,
      "dropout": 0.1,
      "lr": 0.001,
      "weight_decay": 0.0001,
      "patience": 5
    },
    "selected_num_completed_seeds": 1,
    "final_num_completed_seeds": 1,
    "test_mae_mean": 6.130507946014404,
    "test_mae_std": 0.0,
    "test_mae_ci95_low": 6.130507946014404,
    "test_mae_ci95_high": 6.130507946014404,
    "test_mae_min": 6.130507946014404,
    "test_mae_max": 6.130507946014404,
    "test_mae_n": 1,
    "test_rmse_mean": 12.03392219543457,
    "test_rmse_std": 0.0,
    "test_rmse_ci95_low": 12.03392219543457,
    "test_rmse_ci95_high": 12.03392219543457,
    "test_rmse_min": 12.03392219543457,
    "test_rmse_max": 12.03392219543457,
    "test_rmse_n": 1,
    "test_mape_mean": 17150254080.0,
    "test_mape_std": 0.0,
    "test_mape_ci95_low": 17150254080.0,
    "test_mape_ci95_high": 17150254080.0,
    "test_mape_min": 17150254080.0,
    "test_mape_max": 17150254080.0,
    "test_mape_n": 1,
    "test_smape_mean": 34.41435241699219,
    "test_smape_std": 0.0,
    "test_smape_ci95_low": 34.41435241699219,
    "test_smape_ci95_high": 34.41435241699219,
    "test_smape_min": 34.41435241699219,
    "test_smape_max": 34.41435241699219,
    "test_smape_n": 1,
    "test_wape_mean": 12.08237075805664,
    "test_wape_std": 0.0,
    "test_wape_ci95_low": 12.08237075805664,
    "test_wape_ci95_high": 12.08237075805664,
    "test_wape_min": 12.08237075805664,
    "test_wape_max": 12.08237075805664,
    "test_wape_n": 1,
    "test_loss_normalized_mean": 0.3803204985370285,
    "test_loss_normalized_std": 0.0,
    "test_loss_normalized_ci95_low": 0.3803204985370285,
    "test_loss_normalized_ci95_high": 0.3803204985370285,
    "test_loss_normalized_min": 0.3803204985370285,
    "test_loss_normalized_max": 0.3803204985370285,
    "test_loss_normalized_n": 1,
    "selected_config_summary": {
      "params": {
        "hidden_dim": 64,
        "num_blocks": 3,
        "dilation_base": 2,
        "k": 2,
        "dropout": 0.1,
        "lr": 0.001,
        "weight_decay": 0.0001,
        "patience": 5
      },
      "num_completed_seeds": 1,
      "seeds": [
        42
      ],
      "val_mae_mean": 5.340566158294678,
      "val_mae_std": 0.0,
      "val_mae_ci95_low": 5.340566158294678,
      "val_mae_ci95_high": 5.340566158294678,
      "val_mae_min": 5.340566158294678,
      "val_mae_max": 5.340566158294678,
      "val_mae_n": 1,
      "val_rmse_mean": 10.993570327758789,
      "val_rmse_std": 0.0,
      "val_rmse_ci95_low": 10.993570327758789,
      "val_rmse_ci95_high": 10.993570327758789,
      "val_rmse_min": 10.993570327758789,
      "val_rmse_max": 10.993570327758789,
      "val_rmse_n": 1,
      "val_mape_mean": 12100016128.0,
      "val_mape_std": 0.0,
      "val_mape_ci95_low": 12100016128.0,
      "val_mape_ci95_high": 12100016128.0,
      "val_mape_min": 12100016128.0,
      "val_mape_max": 12100016128.0,
      "val_mape_n": 1,
      "val_smape_mean": 23.30013084411621,
      "val_smape_std": 0.0,
      "val_smape_ci95_low": 23.30013084411621,
      "val_smape_ci95_high": 23.30013084411621,
      "val_smape_min": 23.30013084411621,
      "val_smape_max": 23.30013084411621,
      "val_smape_n": 1,
      "val_wape_mean": 9.738417625427246,
      "val_wape_std": 0.0,
      "val_wape_ci95_low": 9.738417625427246,
      "val_wape_ci95_high": 9.738417625427246,
      "val_wape_min": 9.738417625427246,
      "val_wape_max": 9.738417625427246,
      "val_wape_n": 1,
      "val_loss_normalized_mean": 0.3170562885771288,
      "val_loss_normalized_std": 0.0,
      "val_loss_normalized_ci95_low": 0.3170562885771288,
      "val_loss_normalized_ci95_high": 0.3170562885771288,
      "val_loss_normalized_min": 0.3170562885771288,
      "val_loss_normalized_max": 0.3170562885771288,
      "val_loss_normalized_n": 1
    }
  }
}