{
  "timestamp": "2026-04-22T21:52:26.126766",
  "experiment_name": "simple_backbone_pems-bay-by-disp_fil-with-alpah_filter0_4_STICformer_22_04_2026-17h_33-epoch_30",
  "model": "STICformer",
  "dataset": "pems-bay-by-disp_fil-with-alpah_filter0_4",
  "selection_metric": "val_mae",
  "seeds": [
    42
  ],
  "params": {
    "hidden_dim": 64,
    "num_layers": 2,
    "num_heads": 4,
    "ff_multiplier": 2,
    "dropout": 0.1,
    "lr": 0.001,
    "weight_decay": 0.0001,
    "patience": 5
  },
  "final_test_results_file": "/media/work/suleimaneducure/codes/master-main/results/smoke/json/simple_backbone_pems-bay-by-disp_fil-with-alpah_filter0_4_STICformer_22_04_2026-17h_33-epoch_30_final_test_results.json",
  "config_summaries_file": "/media/work/suleimaneducure/codes/master-main/results/smoke/json/simple_backbone_pems-bay-by-disp_fil-with-alpah_filter0_4_STICformer_22_04_2026-17h_33-epoch_30_config_summaries.json",
  "selected_config": {
    "params": {
      "hidden_dim": 64,
      "num_layers": 2,
      "num_heads": 4,
      "ff_multiplier": 2,
      "dropout": 0.1,
      "lr": 0.001,
      "weight_decay": 0.0001,
      "patience": 5
    },
    "num_completed_seeds": 1,
    "seeds": [
      42
    ],
    "val_mae_mean": 2.078892230987549,
    "val_mae_std": 0.0,
    "val_mae_ci95_low": 2.078892230987549,
    "val_mae_ci95_high": 2.078892230987549,
    "val_mae_min": 2.078892230987549,
    "val_mae_max": 2.078892230987549,
    "val_mae_n": 1,
    "val_rmse_mean": 4.352874755859375,
    "val_rmse_std": 0.0,
    "val_rmse_ci95_low": 4.352874755859375,
    "val_rmse_ci95_high": 4.352874755859375,
    "val_rmse_min": 4.352874755859375,
    "val_rmse_max": 4.352874755859375,
    "val_rmse_n": 1,
    "val_mape_mean": 134494.96875,
    "val_mape_std": 0.0,
    "val_mape_ci95_low": 134494.96875,
    "val_mape_ci95_high": 134494.96875,
    "val_mape_min": 134494.96875,
    "val_mape_max": 134494.96875,
    "val_mape_n": 1,
    "val_smape_mean": 4.311623573303223,
    "val_smape_std": 0.0,
    "val_smape_ci95_low": 4.311623573303223,
    "val_smape_ci95_high": 4.311623573303223,
    "val_smape_min": 4.311623573303223,
    "val_smape_max": 4.311623573303223,
    "val_smape_n": 1,
    "val_wape_mean": 3.3473894596099854,
    "val_wape_std": 0.0,
    "val_wape_ci95_low": 3.3473894596099854,
    "val_wape_ci95_high": 3.3473894596099854,
    "val_wape_min": 3.3473894596099854,
    "val_wape_max": 3.3473894596099854,
    "val_wape_n": 1,
    "val_loss_normalized_mean": 0.21420630793218598,
    "val_loss_normalized_std": 0.0,
    "val_loss_normalized_ci95_low": 0.21420630793218598,
    "val_loss_normalized_ci95_high": 0.21420630793218598,
    "val_loss_normalized_min": 0.21420630793218598,
    "val_loss_normalized_max": 0.21420630793218598,
    "val_loss_normalized_n": 1
  },
  "final_summary": {
    "timestamp": "2026-04-22T21:52:26.105543",
    "experiment_name": "simple_backbone_pems-bay-by-disp_fil-with-alpah_filter0_4_STICformer_22_04_2026-17h_33-epoch_30",
    "model": "STICformer",
    "dataset": "pems-bay-by-disp_fil-with-alpah_filter0_4",
    "selection_metric": "val_mae",
    "selected_params": {
      "hidden_dim": 64,
      "num_layers": 2,
      "num_heads": 4,
      "ff_multiplier": 2,
      "dropout": 0.1,
      "lr": 0.001,
      "weight_decay": 0.0001,
      "patience": 5
    },
    "selected_num_completed_seeds": 1,
    "final_num_completed_seeds": 1,
    "test_mae_mean": 1.9604531526565552,
    "test_mae_std": 0.0,
    "test_mae_ci95_low": 1.9604531526565552,
    "test_mae_ci95_high": 1.9604531526565552,
    "test_mae_min": 1.9604531526565552,
    "test_mae_max": 1.9604531526565552,
    "test_mae_n": 1,
    "test_rmse_mean": 4.115814208984375,
    "test_rmse_std": 0.0,
    "test_rmse_ci95_low": 4.115814208984375,
    "test_rmse_ci95_high": 4.115814208984375,
    "test_rmse_min": 4.115814208984375,
    "test_rmse_max": 4.115814208984375,
    "test_rmse_n": 1,
    "test_mape_mean": 111829.078125,
    "test_mape_std": 0.0,
    "test_mape_ci95_low": 111829.078125,
    "test_mape_ci95_high": 111829.078125,
    "test_mape_min": 111829.078125,
    "test_mape_max": 111829.078125,
    "test_mape_n": 1,
    "test_smape_mean": 3.9531450271606445,
    "test_smape_std": 0.0,
    "test_smape_ci95_low": 3.9531450271606445,
    "test_smape_ci95_high": 3.9531450271606445,
    "test_smape_min": 3.9531450271606445,
    "test_smape_max": 3.9531450271606445,
    "test_smape_n": 1,
    "test_wape_mean": 3.1386659145355225,
    "test_wape_std": 0.0,
    "test_wape_ci95_low": 3.1386659145355225,
    "test_wape_ci95_high": 3.1386659145355225,
    "test_wape_min": 3.1386659145355225,
    "test_wape_max": 3.1386659145355225,
    "test_wape_n": 1,
    "test_loss_normalized_mean": 0.1897263639475122,
    "test_loss_normalized_std": 0.0,
    "test_loss_normalized_ci95_low": 0.1897263639475122,
    "test_loss_normalized_ci95_high": 0.1897263639475122,
    "test_loss_normalized_min": 0.1897263639475122,
    "test_loss_normalized_max": 0.1897263639475122,
    "test_loss_normalized_n": 1,
    "selected_config_summary": {
      "params": {
        "hidden_dim": 64,
        "num_layers": 2,
        "num_heads": 4,
        "ff_multiplier": 2,
        "dropout": 0.1,
        "lr": 0.001,
        "weight_decay": 0.0001,
        "patience": 5
      },
      "num_completed_seeds": 1,
      "seeds": [
        42
      ],
      "val_mae_mean": 2.078892230987549,
      "val_mae_std": 0.0,
      "val_mae_ci95_low": 2.078892230987549,
      "val_mae_ci95_high": 2.078892230987549,
      "val_mae_min": 2.078892230987549,
      "val_mae_max": 2.078892230987549,
      "val_mae_n": 1,
      "val_rmse_mean": 4.352874755859375,
      "val_rmse_std": 0.0,
      "val_rmse_ci95_low": 4.352874755859375,
      "val_rmse_ci95_high": 4.352874755859375,
      "val_rmse_min": 4.352874755859375,
      "val_rmse_max": 4.352874755859375,
      "val_rmse_n": 1,
      "val_mape_mean": 134494.96875,
      "val_mape_std": 0.0,
      "val_mape_ci95_low": 134494.96875,
      "val_mape_ci95_high": 134494.96875,
      "val_mape_min": 134494.96875,
      "val_mape_max": 134494.96875,
      "val_mape_n": 1,
      "val_smape_mean": 4.311623573303223,
      "val_smape_std": 0.0,
      "val_smape_ci95_low": 4.311623573303223,
      "val_smape_ci95_high": 4.311623573303223,
      "val_smape_min": 4.311623573303223,
      "val_smape_max": 4.311623573303223,
      "val_smape_n": 1,
      "val_wape_mean": 3.3473894596099854,
      "val_wape_std": 0.0,
      "val_wape_ci95_low": 3.3473894596099854,
      "val_wape_ci95_high": 3.3473894596099854,
      "val_wape_min": 3.3473894596099854,
      "val_wape_max": 3.3473894596099854,
      "val_wape_n": 1,
      "val_loss_normalized_mean": 0.21420630793218598,
      "val_loss_normalized_std": 0.0,
      "val_loss_normalized_ci95_low": 0.21420630793218598,
      "val_loss_normalized_ci95_high": 0.21420630793218598,
      "val_loss_normalized_min": 0.21420630793218598,
      "val_loss_normalized_max": 0.21420630793218598,
      "val_loss_normalized_n": 1
    }
  }
}