{
  "mae": 5.998066425323486,
  "rmse": 12.030644416809082,
  "mape": 15679320064.0
}