{
  "timestamp": "2026-04-22T09:43:23.675881",
  "experiment_name": "simple_pems-bay_MTGNN_22_04_2026-09h_29-epoch_1",
  "model": "MTGNN",
  "dataset": "pems-bay",
  "selection_metric": "val_mae",
  "seeds": [
    42
  ],
  "params": {
    "hidden_dim": 64,
    "num_blocks": 3,
    "kernel_size": 2,
    "dilation_base": 2,
    "gcn_depth": 2,
    "propalpha": 0.05,
    "node_dim": 16,
    "dropout": 0.1,
    "lr": 0.001,
    "weight_decay": 0.0001,
    "patience": 5
  },
  "final_test_results_file": "/home/suleimane/master/main/master-main/results/smoke/json/simple_pems-bay_MTGNN_22_04_2026-09h_29-epoch_1_final_test_results.json",
  "config_summaries_file": "/home/suleimane/master/main/master-main/results/smoke/json/simple_pems-bay_MTGNN_22_04_2026-09h_29-epoch_1_config_summaries.json",
  "selected_config": {
    "params": {
      "hidden_dim": 64,
      "num_blocks": 3,
      "kernel_size": 2,
      "dilation_base": 2,
      "gcn_depth": 2,
      "propalpha": 0.05,
      "node_dim": 16,
      "dropout": 0.1,
      "lr": 0.001,
      "weight_decay": 0.0001,
      "patience": 5
    },
    "num_completed_seeds": 1,
    "seeds": [
      42
    ],
    "val_mae_mean": 2.499326229095459,
    "val_mae_std": 0.0,
    "val_mae_ci95_low": 2.499326229095459,
    "val_mae_ci95_high": 2.499326229095459,
    "val_mae_min": 2.499326229095459,
    "val_mae_max": 2.499326229095459,
    "val_mae_n": 1,
    "val_rmse_mean": 5.332168102264404,
    "val_rmse_std": 0.0,
    "val_rmse_ci95_low": 5.332168102264404,
    "val_rmse_ci95_high": 5.332168102264404,
    "val_rmse_min": 5.332168102264404,
    "val_rmse_max": 5.332168102264404,
    "val_rmse_n": 1,
    "val_mape_mean": 133686.3125,
    "val_mape_std": 0.0,
    "val_mape_ci95_low": 133686.3125,
    "val_mape_ci95_high": 133686.3125,
    "val_mape_min": 133686.3125,
    "val_mape_max": 133686.3125,
    "val_mape_n": 1,
    "val_smape_mean": 5.1893720626831055,
    "val_smape_std": 0.0,
    "val_smape_ci95_low": 5.1893720626831055,
    "val_smape_ci95_high": 5.1893720626831055,
    "val_smape_min": 5.1893720626831055,
    "val_smape_max": 5.1893720626831055,
    "val_smape_n": 1,
    "val_wape_mean": 4.02436637878418,
    "val_wape_std": 0.0,
    "val_wape_ci95_low": 4.02436637878418,
    "val_wape_ci95_high": 4.02436637878418,
    "val_wape_min": 4.02436637878418,
    "val_wape_max": 4.02436637878418,
    "val_wape_n": 1,
    "val_loss_normalized_mean": 0.3217002618029439,
    "val_loss_normalized_std": 0.0,
    "val_loss_normalized_ci95_low": 0.3217002618029439,
    "val_loss_normalized_ci95_high": 0.3217002618029439,
    "val_loss_normalized_min": 0.3217002618029439,
    "val_loss_normalized_max": 0.3217002618029439,
    "val_loss_normalized_n": 1
  },
  "final_summary": {
    "timestamp": "2026-04-22T09:43:23.673472",
    "experiment_name": "simple_pems-bay_MTGNN_22_04_2026-09h_29-epoch_1",
    "model": "MTGNN",
    "dataset": "pems-bay",
    "selection_metric": "val_mae",
    "selected_params": {
      "hidden_dim": 64,
      "num_blocks": 3,
      "kernel_size": 2,
      "dilation_base": 2,
      "gcn_depth": 2,
      "propalpha": 0.05,
      "node_dim": 16,
      "dropout": 0.1,
      "lr": 0.001,
      "weight_decay": 0.0001,
      "patience": 5
    },
    "selected_num_completed_seeds": 1,
    "final_num_completed_seeds": 1,
    "test_mae_mean": 2.2812089920043945,
    "test_mae_std": 0.0,
    "test_mae_ci95_low": 2.2812089920043945,
    "test_mae_ci95_high": 2.2812089920043945,
    "test_mae_min": 2.2812089920043945,
    "test_mae_max": 2.2812089920043945,
    "test_mae_n": 1,
    "test_rmse_mean": 4.850559234619141,
    "test_rmse_std": 0.0,
    "test_rmse_ci95_low": 4.850559234619141,
    "test_rmse_ci95_high": 4.850559234619141,
    "test_rmse_min": 4.850559234619141,
    "test_rmse_max": 4.850559234619141,
    "test_rmse_n": 1,
    "test_mape_mean": 111701.9296875,
    "test_mape_std": 0.0,
    "test_mape_ci95_low": 111701.9296875,
    "test_mape_ci95_high": 111701.9296875,
    "test_mape_min": 111701.9296875,
    "test_mape_max": 111701.9296875,
    "test_mape_n": 1,
    "test_smape_mean": 4.616575241088867,
    "test_smape_std": 0.0,
    "test_smape_ci95_low": 4.616575241088867,
    "test_smape_ci95_high": 4.616575241088867,
    "test_smape_min": 4.616575241088867,
    "test_smape_max": 4.616575241088867,
    "test_smape_n": 1,
    "test_wape_mean": 3.6521944999694824,
    "test_wape_std": 0.0,
    "test_wape_ci95_low": 3.6521944999694824,
    "test_wape_ci95_high": 3.6521944999694824,
    "test_wape_min": 3.6521944999694824,
    "test_wape_max": 3.6521944999694824,
    "test_wape_n": 1,
    "test_loss_normalized_mean": 0.2635193384006802,
    "test_loss_normalized_std": 0.0,
    "test_loss_normalized_ci95_low": 0.2635193384006802,
    "test_loss_normalized_ci95_high": 0.2635193384006802,
    "test_loss_normalized_min": 0.2635193384006802,
    "test_loss_normalized_max": 0.2635193384006802,
    "test_loss_normalized_n": 1,
    "selected_config_summary": {
      "params": {
        "hidden_dim": 64,
        "num_blocks": 3,
        "kernel_size": 2,
        "dilation_base": 2,
        "gcn_depth": 2,
        "propalpha": 0.05,
        "node_dim": 16,
        "dropout": 0.1,
        "lr": 0.001,
        "weight_decay": 0.0001,
        "patience": 5
      },
      "num_completed_seeds": 1,
      "seeds": [
        42
      ],
      "val_mae_mean": 2.499326229095459,
      "val_mae_std": 0.0,
      "val_mae_ci95_low": 2.499326229095459,
      "val_mae_ci95_high": 2.499326229095459,
      "val_mae_min": 2.499326229095459,
      "val_mae_max": 2.499326229095459,
      "val_mae_n": 1,
      "val_rmse_mean": 5.332168102264404,
      "val_rmse_std": 0.0,
      "val_rmse_ci95_low": 5.332168102264404,
      "val_rmse_ci95_high": 5.332168102264404,
      "val_rmse_min": 5.332168102264404,
      "val_rmse_max": 5.332168102264404,
      "val_rmse_n": 1,
      "val_mape_mean": 133686.3125,
      "val_mape_std": 0.0,
      "val_mape_ci95_low": 133686.3125,
      "val_mape_ci95_high": 133686.3125,
      "val_mape_min": 133686.3125,
      "val_mape_max": 133686.3125,
      "val_mape_n": 1,
      "val_smape_mean": 5.1893720626831055,
      "val_smape_std": 0.0,
      "val_smape_ci95_low": 5.1893720626831055,
      "val_smape_ci95_high": 5.1893720626831055,
      "val_smape_min": 5.1893720626831055,
      "val_smape_max": 5.1893720626831055,
      "val_smape_n": 1,
      "val_wape_mean": 4.02436637878418,
      "val_wape_std": 0.0,
      "val_wape_ci95_low": 4.02436637878418,
      "val_wape_ci95_high": 4.02436637878418,
      "val_wape_min": 4.02436637878418,
      "val_wape_max": 4.02436637878418,
      "val_wape_n": 1,
      "val_loss_normalized_mean": 0.3217002618029439,
      "val_loss_normalized_std": 0.0,
      "val_loss_normalized_ci95_low": 0.3217002618029439,
      "val_loss_normalized_ci95_high": 0.3217002618029439,
      "val_loss_normalized_min": 0.3217002618029439,
      "val_loss_normalized_max": 0.3217002618029439,
      "val_loss_normalized_n": 1
    }
  }
}