{
  "mae": 6.204061508178711,
  "rmse": 12.024131774902344,
  "mape": 16809423872.0
}