{
  "mae": 1.8877062797546387,
  "rmse": 4.016567707061768,
  "mape": 112671.0234375
}