{
  "mae": 5.965633392333984,
  "rmse": 11.858830451965332,
  "mape": 17378973696.0
}