{
  "mae": 6.106078624725342,
  "rmse": 12.026956558227539,
  "mape": 15742545920.0
}