{
  "mae": 5.9449262619018555,
  "rmse": 12.080573081970215,
  "mape": 15281351680.0
}