{
  "mae": 2.0089340209960938,
  "rmse": 4.369919776916504,
  "mape": 40217352.0
}