{
  "mae": 1.9132299423217773,
  "rmse": 4.115521430969238,
  "mape": 40183180.0
}