{
  "mae": 1.9504725933074951,
  "rmse": 4.113288879394531,
  "mape": 112948.703125
}