{
  "timestamp": "2026-04-22T11:57:58.915188",
  "experiment_name": "simple_backbone_metr-la-by-high_sal-with-alpah_filter0_4_MTGNN_22_04_2026-11h_30-epoch_1",
  "model": "MTGNN",
  "dataset": "metr-la-by-high_sal-with-alpah_filter0_4",
  "selection_metric": "val_mae",
  "seeds": [
    42
  ],
  "params": {
    "hidden_dim": 64,
    "num_blocks": 3,
    "kernel_size": 2,
    "dilation_base": 2,
    "gcn_depth": 2,
    "propalpha": 0.05,
    "node_dim": 16,
    "dropout": 0.1,
    "lr": 0.001,
    "weight_decay": 0.0001,
    "patience": 5
  },
  "final_test_results_file": "/home/suleimane/master/main/master-main/results/smoke/json/simple_backbone_metr-la-by-high_sal-with-alpah_filter0_4_MTGNN_22_04_2026-11h_30-epoch_1_final_test_results.json",
  "config_summaries_file": "/home/suleimane/master/main/master-main/results/smoke/json/simple_backbone_metr-la-by-high_sal-with-alpah_filter0_4_MTGNN_22_04_2026-11h_30-epoch_1_config_summaries.json",
  "selected_config": {
    "params": {
      "hidden_dim": 64,
      "num_blocks": 3,
      "kernel_size": 2,
      "dilation_base": 2,
      "gcn_depth": 2,
      "propalpha": 0.05,
      "node_dim": 16,
      "dropout": 0.1,
      "lr": 0.001,
      "weight_decay": 0.0001,
      "patience": 5
    },
    "num_completed_seeds": 1,
    "seeds": [
      42
    ],
    "val_mae_mean": 5.712540149688721,
    "val_mae_std": 0.0,
    "val_mae_ci95_low": 5.712540149688721,
    "val_mae_ci95_high": 5.712540149688721,
    "val_mae_min": 5.712540149688721,
    "val_mae_max": 5.712540149688721,
    "val_mae_n": 1,
    "val_rmse_mean": 11.132302284240723,
    "val_rmse_std": 0.0,
    "val_rmse_ci95_low": 11.132302284240723,
    "val_rmse_ci95_high": 11.132302284240723,
    "val_rmse_min": 11.132302284240723,
    "val_rmse_max": 11.132302284240723,
    "val_rmse_n": 1,
    "val_mape_mean": 12762708992.0,
    "val_mape_std": 0.0,
    "val_mape_ci95_low": 12762708992.0,
    "val_mape_ci95_high": 12762708992.0,
    "val_mape_min": 12762708992.0,
    "val_mape_max": 12762708992.0,
    "val_mape_n": 1,
    "val_smape_mean": 23.245437622070312,
    "val_smape_std": 0.0,
    "val_smape_ci95_low": 23.245437622070312,
    "val_smape_ci95_high": 23.245437622070312,
    "val_smape_min": 23.245437622070312,
    "val_smape_max": 23.245437622070312,
    "val_smape_n": 1,
    "val_wape_mean": 10.364029884338379,
    "val_wape_std": 0.0,
    "val_wape_ci95_low": 10.364029884338379,
    "val_wape_ci95_high": 10.364029884338379,
    "val_wape_min": 10.364029884338379,
    "val_wape_max": 10.364029884338379,
    "val_wape_n": 1,
    "val_loss_normalized_mean": 0.33049830731665975,
    "val_loss_normalized_std": 0.0,
    "val_loss_normalized_ci95_low": 0.33049830731665975,
    "val_loss_normalized_ci95_high": 0.33049830731665975,
    "val_loss_normalized_min": 0.33049830731665975,
    "val_loss_normalized_max": 0.33049830731665975,
    "val_loss_normalized_n": 1
  },
  "final_summary": {
    "timestamp": "2026-04-22T11:57:58.911003",
    "experiment_name": "simple_backbone_metr-la-by-high_sal-with-alpah_filter0_4_MTGNN_22_04_2026-11h_30-epoch_1",
    "model": "MTGNN",
    "dataset": "metr-la-by-high_sal-with-alpah_filter0_4",
    "selection_metric": "val_mae",
    "selected_params": {
      "hidden_dim": 64,
      "num_blocks": 3,
      "kernel_size": 2,
      "dilation_base": 2,
      "gcn_depth": 2,
      "propalpha": 0.05,
      "node_dim": 16,
      "dropout": 0.1,
      "lr": 0.001,
      "weight_decay": 0.0001,
      "patience": 5
    },
    "selected_num_completed_seeds": 1,
    "final_num_completed_seeds": 1,
    "test_mae_mean": 6.668671607971191,
    "test_mae_std": 0.0,
    "test_mae_ci95_low": 6.668671607971191,
    "test_mae_ci95_high": 6.668671607971191,
    "test_mae_min": 6.668671607971191,
    "test_mae_max": 6.668671607971191,
    "test_mae_n": 1,
    "test_rmse_mean": 12.279290199279785,
    "test_rmse_std": 0.0,
    "test_rmse_ci95_low": 12.279290199279785,
    "test_rmse_ci95_high": 12.279290199279785,
    "test_rmse_min": 12.279290199279785,
    "test_rmse_max": 12.279290199279785,
    "test_rmse_n": 1,
    "test_mape_mean": 20073758720.0,
    "test_mape_std": 0.0,
    "test_mape_ci95_low": 20073758720.0,
    "test_mape_ci95_high": 20073758720.0,
    "test_mape_min": 20073758720.0,
    "test_mape_max": 20073758720.0,
    "test_mape_n": 1,
    "test_smape_mean": 34.819637298583984,
    "test_smape_std": 0.0,
    "test_smape_ci95_low": 34.819637298583984,
    "test_smape_ci95_high": 34.819637298583984,
    "test_smape_min": 34.819637298583984,
    "test_smape_max": 34.819637298583984,
    "test_smape_n": 1,
    "test_wape_mean": 13.108475685119629,
    "test_wape_std": 0.0,
    "test_wape_ci95_low": 13.108475685119629,
    "test_wape_ci95_high": 13.108475685119629,
    "test_wape_min": 13.108475685119629,
    "test_wape_max": 13.108475685119629,
    "test_wape_n": 1,
    "test_loss_normalized_mean": 0.40252366749064944,
    "test_loss_normalized_std": 0.0,
    "test_loss_normalized_ci95_low": 0.40252366749064944,
    "test_loss_normalized_ci95_high": 0.40252366749064944,
    "test_loss_normalized_min": 0.40252366749064944,
    "test_loss_normalized_max": 0.40252366749064944,
    "test_loss_normalized_n": 1,
    "selected_config_summary": {
      "params": {
        "hidden_dim": 64,
        "num_blocks": 3,
        "kernel_size": 2,
        "dilation_base": 2,
        "gcn_depth": 2,
        "propalpha": 0.05,
        "node_dim": 16,
        "dropout": 0.1,
        "lr": 0.001,
        "weight_decay": 0.0001,
        "patience": 5
      },
      "num_completed_seeds": 1,
      "seeds": [
        42
      ],
      "val_mae_mean": 5.712540149688721,
      "val_mae_std": 0.0,
      "val_mae_ci95_low": 5.712540149688721,
      "val_mae_ci95_high": 5.712540149688721,
      "val_mae_min": 5.712540149688721,
      "val_mae_max": 5.712540149688721,
      "val_mae_n": 1,
      "val_rmse_mean": 11.132302284240723,
      "val_rmse_std": 0.0,
      "val_rmse_ci95_low": 11.132302284240723,
      "val_rmse_ci95_high": 11.132302284240723,
      "val_rmse_min": 11.132302284240723,
      "val_rmse_max": 11.132302284240723,
      "val_rmse_n": 1,
      "val_mape_mean": 12762708992.0,
      "val_mape_std": 0.0,
      "val_mape_ci95_low": 12762708992.0,
      "val_mape_ci95_high": 12762708992.0,
      "val_mape_min": 12762708992.0,
      "val_mape_max": 12762708992.0,
      "val_mape_n": 1,
      "val_smape_mean": 23.245437622070312,
      "val_smape_std": 0.0,
      "val_smape_ci95_low": 23.245437622070312,
      "val_smape_ci95_high": 23.245437622070312,
      "val_smape_min": 23.245437622070312,
      "val_smape_max": 23.245437622070312,
      "val_smape_n": 1,
      "val_wape_mean": 10.364029884338379,
      "val_wape_std": 0.0,
      "val_wape_ci95_low": 10.364029884338379,
      "val_wape_ci95_high": 10.364029884338379,
      "val_wape_min": 10.364029884338379,
      "val_wape_max": 10.364029884338379,
      "val_wape_n": 1,
      "val_loss_normalized_mean": 0.33049830731665975,
      "val_loss_normalized_std": 0.0,
      "val_loss_normalized_ci95_low": 0.33049830731665975,
      "val_loss_normalized_ci95_high": 0.33049830731665975,
      "val_loss_normalized_min": 0.33049830731665975,
      "val_loss_normalized_max": 0.33049830731665975,
      "val_loss_normalized_n": 1
    }
  }
}