{
  "timestamp": "2026-04-22T20:33:09.462194",
  "experiment_name": "simple_backbone_metr-la-by-high_sal-with-alpah_filter0_4_MTGNN_22_04_2026-17h_33-epoch_30",
  "model": "MTGNN",
  "dataset": "metr-la-by-high_sal-with-alpah_filter0_4",
  "selection_metric": "val_mae",
  "seeds": [
    42
  ],
  "params": {
    "hidden_dim": 64,
    "num_blocks": 3,
    "kernel_size": 2,
    "dilation_base": 2,
    "gcn_depth": 2,
    "propalpha": 0.05,
    "node_dim": 16,
    "dropout": 0.1,
    "lr": 0.001,
    "weight_decay": 0.0001,
    "patience": 5
  },
  "final_test_results_file": "/media/work/suleimaneducure/codes/master-main/results/smoke/json/simple_backbone_metr-la-by-high_sal-with-alpah_filter0_4_MTGNN_22_04_2026-17h_33-epoch_30_final_test_results.json",
  "config_summaries_file": "/media/work/suleimaneducure/codes/master-main/results/smoke/json/simple_backbone_metr-la-by-high_sal-with-alpah_filter0_4_MTGNN_22_04_2026-17h_33-epoch_30_config_summaries.json",
  "selected_config": {
    "params": {
      "hidden_dim": 64,
      "num_blocks": 3,
      "kernel_size": 2,
      "dilation_base": 2,
      "gcn_depth": 2,
      "propalpha": 0.05,
      "node_dim": 16,
      "dropout": 0.1,
      "lr": 0.001,
      "weight_decay": 0.0001,
      "patience": 5
    },
    "num_completed_seeds": 1,
    "seeds": [
      42
    ],
    "val_mae_mean": 6.066273212432861,
    "val_mae_std": 0.0,
    "val_mae_ci95_low": 6.066273212432861,
    "val_mae_ci95_high": 6.066273212432861,
    "val_mae_min": 6.066273212432861,
    "val_mae_max": 6.066273212432861,
    "val_mae_n": 1,
    "val_rmse_mean": 11.127449989318848,
    "val_rmse_std": 0.0,
    "val_rmse_ci95_low": 11.127449989318848,
    "val_rmse_ci95_high": 11.127449989318848,
    "val_rmse_min": 11.127449989318848,
    "val_rmse_max": 11.127449989318848,
    "val_rmse_n": 1,
    "val_mape_mean": 13072542720.0,
    "val_mape_std": 0.0,
    "val_mape_ci95_low": 13072542720.0,
    "val_mape_ci95_high": 13072542720.0,
    "val_mape_min": 13072542720.0,
    "val_mape_max": 13072542720.0,
    "val_mape_n": 1,
    "val_smape_mean": 23.809772491455078,
    "val_smape_std": 0.0,
    "val_smape_ci95_low": 23.809772491455078,
    "val_smape_ci95_high": 23.809772491455078,
    "val_smape_min": 23.809772491455078,
    "val_smape_max": 23.809772491455078,
    "val_smape_n": 1,
    "val_wape_mean": 11.005793571472168,
    "val_wape_std": 0.0,
    "val_wape_ci95_low": 11.005793571472168,
    "val_wape_ci95_high": 11.005793571472168,
    "val_wape_min": 11.005793571472168,
    "val_wape_max": 11.005793571472168,
    "val_wape_n": 1,
    "val_loss_normalized_mean": 0.3302007419901474,
    "val_loss_normalized_std": 0.0,
    "val_loss_normalized_ci95_low": 0.3302007419901474,
    "val_loss_normalized_ci95_high": 0.3302007419901474,
    "val_loss_normalized_min": 0.3302007419901474,
    "val_loss_normalized_max": 0.3302007419901474,
    "val_loss_normalized_n": 1
  },
  "final_summary": {
    "timestamp": "2026-04-22T20:33:09.418532",
    "experiment_name": "simple_backbone_metr-la-by-high_sal-with-alpah_filter0_4_MTGNN_22_04_2026-17h_33-epoch_30",
    "model": "MTGNN",
    "dataset": "metr-la-by-high_sal-with-alpah_filter0_4",
    "selection_metric": "val_mae",
    "selected_params": {
      "hidden_dim": 64,
      "num_blocks": 3,
      "kernel_size": 2,
      "dilation_base": 2,
      "gcn_depth": 2,
      "propalpha": 0.05,
      "node_dim": 16,
      "dropout": 0.1,
      "lr": 0.001,
      "weight_decay": 0.0001,
      "patience": 5
    },
    "selected_num_completed_seeds": 1,
    "final_num_completed_seeds": 1,
    "test_mae_mean": 7.0225911140441895,
    "test_mae_std": 0.0,
    "test_mae_ci95_low": 7.0225911140441895,
    "test_mae_ci95_high": 7.0225911140441895,
    "test_mae_min": 7.0225911140441895,
    "test_mae_max": 7.0225911140441895,
    "test_mae_n": 1,
    "test_rmse_mean": 12.305072784423828,
    "test_rmse_std": 0.0,
    "test_rmse_ci95_low": 12.305072784423828,
    "test_rmse_ci95_high": 12.305072784423828,
    "test_rmse_min": 12.305072784423828,
    "test_rmse_max": 12.305072784423828,
    "test_rmse_n": 1,
    "test_mape_mean": 20847779840.0,
    "test_mape_std": 0.0,
    "test_mape_ci95_low": 20847779840.0,
    "test_mape_ci95_high": 20847779840.0,
    "test_mape_min": 20847779840.0,
    "test_mape_max": 20847779840.0,
    "test_mape_n": 1,
    "test_smape_mean": 35.29469680786133,
    "test_smape_std": 0.0,
    "test_smape_ci95_low": 35.29469680786133,
    "test_smape_ci95_high": 35.29469680786133,
    "test_smape_min": 35.29469680786133,
    "test_smape_max": 35.29469680786133,
    "test_smape_n": 1,
    "test_wape_mean": 13.804154396057129,
    "test_wape_std": 0.0,
    "test_wape_ci95_low": 13.804154396057129,
    "test_wape_ci95_high": 13.804154396057129,
    "test_wape_min": 13.804154396057129,
    "test_wape_max": 13.804154396057129,
    "test_wape_n": 1,
    "test_loss_normalized_mean": 0.4042315255397948,
    "test_loss_normalized_std": 0.0,
    "test_loss_normalized_ci95_low": 0.4042315255397948,
    "test_loss_normalized_ci95_high": 0.4042315255397948,
    "test_loss_normalized_min": 0.4042315255397948,
    "test_loss_normalized_max": 0.4042315255397948,
    "test_loss_normalized_n": 1,
    "selected_config_summary": {
      "params": {
        "hidden_dim": 64,
        "num_blocks": 3,
        "kernel_size": 2,
        "dilation_base": 2,
        "gcn_depth": 2,
        "propalpha": 0.05,
        "node_dim": 16,
        "dropout": 0.1,
        "lr": 0.001,
        "weight_decay": 0.0001,
        "patience": 5
      },
      "num_completed_seeds": 1,
      "seeds": [
        42
      ],
      "val_mae_mean": 6.066273212432861,
      "val_mae_std": 0.0,
      "val_mae_ci95_low": 6.066273212432861,
      "val_mae_ci95_high": 6.066273212432861,
      "val_mae_min": 6.066273212432861,
      "val_mae_max": 6.066273212432861,
      "val_mae_n": 1,
      "val_rmse_mean": 11.127449989318848,
      "val_rmse_std": 0.0,
      "val_rmse_ci95_low": 11.127449989318848,
      "val_rmse_ci95_high": 11.127449989318848,
      "val_rmse_min": 11.127449989318848,
      "val_rmse_max": 11.127449989318848,
      "val_rmse_n": 1,
      "val_mape_mean": 13072542720.0,
      "val_mape_std": 0.0,
      "val_mape_ci95_low": 13072542720.0,
      "val_mape_ci95_high": 13072542720.0,
      "val_mape_min": 13072542720.0,
      "val_mape_max": 13072542720.0,
      "val_mape_n": 1,
      "val_smape_mean": 23.809772491455078,
      "val_smape_std": 0.0,
      "val_smape_ci95_low": 23.809772491455078,
      "val_smape_ci95_high": 23.809772491455078,
      "val_smape_min": 23.809772491455078,
      "val_smape_max": 23.809772491455078,
      "val_smape_n": 1,
      "val_wape_mean": 11.005793571472168,
      "val_wape_std": 0.0,
      "val_wape_ci95_low": 11.005793571472168,
      "val_wape_ci95_high": 11.005793571472168,
      "val_wape_min": 11.005793571472168,
      "val_wape_max": 11.005793571472168,
      "val_wape_n": 1,
      "val_loss_normalized_mean": 0.3302007419901474,
      "val_loss_normalized_std": 0.0,
      "val_loss_normalized_ci95_low": 0.3302007419901474,
      "val_loss_normalized_ci95_high": 0.3302007419901474,
      "val_loss_normalized_min": 0.3302007419901474,
      "val_loss_normalized_max": 0.3302007419901474,
      "val_loss_normalized_n": 1
    }
  }
}