{
  "mae": 2.091175079345703,
  "rmse": 4.388820171356201,
  "mape": 112737.7421875
}