{
  "timestamp": "2026-04-22T22:11:10.515173",
  "experiment_name": "simple_backbone_pems-bay-by-nois_corr-with-alpah_filter0_4_GraphWaveNet_22_04_2026-17h_33-epoch_30",
  "model": "GraphWaveNet",
  "dataset": "pems-bay-by-nois_corr-with-alpah_filter0_4",
  "selection_metric": "val_mae",
  "seeds": [
    42
  ],
  "params": {
    "hidden_dim": 64,
    "num_blocks": 3,
    "dilation_base": 2,
    "k": 2,
    "dropout": 0.1,
    "lr": 0.001,
    "weight_decay": 0.0001,
    "patience": 5
  },
  "final_test_results_file": "/media/work/suleimaneducure/codes/master-main/results/smoke/json/simple_backbone_pems-bay-by-nois_corr-with-alpah_filter0_4_GraphWaveNet_22_04_2026-17h_33-epoch_30_final_test_results.json",
  "config_summaries_file": "/media/work/suleimaneducure/codes/master-main/results/smoke/json/simple_backbone_pems-bay-by-nois_corr-with-alpah_filter0_4_GraphWaveNet_22_04_2026-17h_33-epoch_30_config_summaries.json",
  "selected_config": {
    "params": {
      "hidden_dim": 64,
      "num_blocks": 3,
      "dilation_base": 2,
      "k": 2,
      "dropout": 0.1,
      "lr": 0.001,
      "weight_decay": 0.0001,
      "patience": 5
    },
    "num_completed_seeds": 1,
    "seeds": [
      42
    ],
    "val_mae_mean": 2.2678964138031006,
    "val_mae_std": 0.0,
    "val_mae_ci95_low": 2.2678964138031006,
    "val_mae_ci95_high": 2.2678964138031006,
    "val_mae_min": 2.2678964138031006,
    "val_mae_max": 2.2678964138031006,
    "val_mae_n": 1,
    "val_rmse_mean": 4.770674705505371,
    "val_rmse_std": 0.0,
    "val_rmse_ci95_low": 4.770674705505371,
    "val_rmse_ci95_high": 4.770674705505371,
    "val_rmse_min": 4.770674705505371,
    "val_rmse_max": 4.770674705505371,
    "val_rmse_n": 1,
    "val_mape_mean": 135733.0625,
    "val_mape_std": 0.0,
    "val_mape_ci95_low": 135733.0625,
    "val_mape_ci95_high": 135733.0625,
    "val_mape_min": 135733.0625,
    "val_mape_max": 135733.0625,
    "val_mape_n": 1,
    "val_smape_mean": 4.69450044631958,
    "val_smape_std": 0.0,
    "val_smape_ci95_low": 4.69450044631958,
    "val_smape_ci95_high": 4.69450044631958,
    "val_smape_min": 4.69450044631958,
    "val_smape_max": 4.69450044631958,
    "val_smape_n": 1,
    "val_wape_mean": 3.651719808578491,
    "val_wape_std": 0.0,
    "val_wape_ci95_low": 3.651719808578491,
    "val_wape_ci95_high": 3.651719808578491,
    "val_wape_min": 3.651719808578491,
    "val_wape_max": 3.651719808578491,
    "val_wape_n": 1,
    "val_loss_normalized_mean": 0.25712187501367617,
    "val_loss_normalized_std": 0.0,
    "val_loss_normalized_ci95_low": 0.25712187501367617,
    "val_loss_normalized_ci95_high": 0.25712187501367617,
    "val_loss_normalized_min": 0.25712187501367617,
    "val_loss_normalized_max": 0.25712187501367617,
    "val_loss_normalized_n": 1
  },
  "final_summary": {
    "timestamp": "2026-04-22T22:11:10.493456",
    "experiment_name": "simple_backbone_pems-bay-by-nois_corr-with-alpah_filter0_4_GraphWaveNet_22_04_2026-17h_33-epoch_30",
    "model": "GraphWaveNet",
    "dataset": "pems-bay-by-nois_corr-with-alpah_filter0_4",
    "selection_metric": "val_mae",
    "selected_params": {
      "hidden_dim": 64,
      "num_blocks": 3,
      "dilation_base": 2,
      "k": 2,
      "dropout": 0.1,
      "lr": 0.001,
      "weight_decay": 0.0001,
      "patience": 5
    },
    "selected_num_completed_seeds": 1,
    "final_num_completed_seeds": 1,
    "test_mae_mean": 2.091175079345703,
    "test_mae_std": 0.0,
    "test_mae_ci95_low": 2.091175079345703,
    "test_mae_ci95_high": 2.091175079345703,
    "test_mae_min": 2.091175079345703,
    "test_mae_max": 2.091175079345703,
    "test_mae_n": 1,
    "test_rmse_mean": 4.388820171356201,
    "test_rmse_std": 0.0,
    "test_rmse_ci95_low": 4.388820171356201,
    "test_rmse_ci95_high": 4.388820171356201,
    "test_rmse_min": 4.388820171356201,
    "test_rmse_max": 4.388820171356201,
    "test_rmse_n": 1,
    "test_mape_mean": 112737.7421875,
    "test_mape_std": 0.0,
    "test_mape_ci95_low": 112737.7421875,
    "test_mape_ci95_high": 112737.7421875,
    "test_mape_min": 112737.7421875,
    "test_mape_max": 112737.7421875,
    "test_mape_n": 1,
    "test_smape_mean": 4.2211174964904785,
    "test_smape_std": 0.0,
    "test_smape_ci95_low": 4.2211174964904785,
    "test_smape_ci95_high": 4.2211174964904785,
    "test_smape_min": 4.2211174964904785,
    "test_smape_max": 4.2211174964904785,
    "test_smape_n": 1,
    "test_wape_mean": 3.3479504585266113,
    "test_wape_std": 0.0,
    "test_wape_ci95_low": 3.3479504585266113,
    "test_wape_ci95_high": 3.3479504585266113,
    "test_wape_min": 3.3479504585266113,
    "test_wape_max": 3.3479504585266113,
    "test_wape_n": 1,
    "test_loss_normalized_mean": 0.21577992306256588,
    "test_loss_normalized_std": 0.0,
    "test_loss_normalized_ci95_low": 0.21577992306256588,
    "test_loss_normalized_ci95_high": 0.21577992306256588,
    "test_loss_normalized_min": 0.21577992306256588,
    "test_loss_normalized_max": 0.21577992306256588,
    "test_loss_normalized_n": 1,
    "selected_config_summary": {
      "params": {
        "hidden_dim": 64,
        "num_blocks": 3,
        "dilation_base": 2,
        "k": 2,
        "dropout": 0.1,
        "lr": 0.001,
        "weight_decay": 0.0001,
        "patience": 5
      },
      "num_completed_seeds": 1,
      "seeds": [
        42
      ],
      "val_mae_mean": 2.2678964138031006,
      "val_mae_std": 0.0,
      "val_mae_ci95_low": 2.2678964138031006,
      "val_mae_ci95_high": 2.2678964138031006,
      "val_mae_min": 2.2678964138031006,
      "val_mae_max": 2.2678964138031006,
      "val_mae_n": 1,
      "val_rmse_mean": 4.770674705505371,
      "val_rmse_std": 0.0,
      "val_rmse_ci95_low": 4.770674705505371,
      "val_rmse_ci95_high": 4.770674705505371,
      "val_rmse_min": 4.770674705505371,
      "val_rmse_max": 4.770674705505371,
      "val_rmse_n": 1,
      "val_mape_mean": 135733.0625,
      "val_mape_std": 0.0,
      "val_mape_ci95_low": 135733.0625,
      "val_mape_ci95_high": 135733.0625,
      "val_mape_min": 135733.0625,
      "val_mape_max": 135733.0625,
      "val_mape_n": 1,
      "val_smape_mean": 4.69450044631958,
      "val_smape_std": 0.0,
      "val_smape_ci95_low": 4.69450044631958,
      "val_smape_ci95_high": 4.69450044631958,
      "val_smape_min": 4.69450044631958,
      "val_smape_max": 4.69450044631958,
      "val_smape_n": 1,
      "val_wape_mean": 3.651719808578491,
      "val_wape_std": 0.0,
      "val_wape_ci95_low": 3.651719808578491,
      "val_wape_ci95_high": 3.651719808578491,
      "val_wape_min": 3.651719808578491,
      "val_wape_max": 3.651719808578491,
      "val_wape_n": 1,
      "val_loss_normalized_mean": 0.25712187501367617,
      "val_loss_normalized_std": 0.0,
      "val_loss_normalized_ci95_low": 0.25712187501367617,
      "val_loss_normalized_ci95_high": 0.25712187501367617,
      "val_loss_normalized_min": 0.25712187501367617,
      "val_loss_normalized_max": 0.25712187501367617,
      "val_loss_normalized_n": 1
    }
  }
}