{
  "mae": 2.1867876052856445,
  "rmse": 4.6290435791015625,
  "mape": 112062.2890625
}