{
  "mae": 2.0387797355651855,
  "rmse": 4.29176664352417,
  "mape": 112180.5078125
}