{
  "mae": 7.0225911140441895,
  "rmse": 12.305072784423828,
  "mape": 20847779840.0
}