{
  "mae": 1.9604531526565552,
  "rmse": 4.115814208984375,
  "mape": 111829.078125
}