{
  "mae": 5.9971747398376465,
  "rmse": 11.857365608215332,
  "mape": 17236490240.0
}