{
  "mae": 6.130507946014404,
  "rmse": 12.03392219543457,
  "mape": 17150254080.0
}