{
  "mae": 6.822279930114746,
  "rmse": 12.364770889282227,
  "mape": 20325408768.0
}