{
  "mae": 2.5068092346191406,
  "rmse": 5.057373046875,
  "mape": 40109228.0
}