{
  "mae": 2.176642417907715,
  "rmse": 4.470676898956299,
  "mape": 111381.8125
}