{
  "timestamp": "2026-04-22T09:36:25.299416",
  "experiment_name": "simple_pems-bay_GraphWaveNet_22_04_2026-09h_29-epoch_1",
  "model": "GraphWaveNet",
  "dataset": "pems-bay",
  "selection_metric": "val_mae",
  "seeds": [
    42
  ],
  "params": {
    "hidden_dim": 64,
    "num_blocks": 3,
    "dilation_base": 2,
    "k": 2,
    "dropout": 0.1,
    "lr": 0.001,
    "weight_decay": 0.0001,
    "patience": 5
  },
  "final_test_results_file": "/home/suleimane/master/main/master-main/results/smoke/json/simple_pems-bay_GraphWaveNet_22_04_2026-09h_29-epoch_1_final_test_results.json",
  "config_summaries_file": "/home/suleimane/master/main/master-main/results/smoke/json/simple_pems-bay_GraphWaveNet_22_04_2026-09h_29-epoch_1_config_summaries.json",
  "selected_config": {
    "params": {
      "hidden_dim": 64,
      "num_blocks": 3,
      "dilation_base": 2,
      "k": 2,
      "dropout": 0.1,
      "lr": 0.001,
      "weight_decay": 0.0001,
      "patience": 5
    },
    "num_completed_seeds": 1,
    "seeds": [
      42
    ],
    "val_mae_mean": 2.7715840339660645,
    "val_mae_std": 0.0,
    "val_mae_ci95_low": 2.7715840339660645,
    "val_mae_ci95_high": 2.7715840339660645,
    "val_mae_min": 2.7715840339660645,
    "val_mae_max": 2.7715840339660645,
    "val_mae_n": 1,
    "val_rmse_mean": 5.384033679962158,
    "val_rmse_std": 0.0,
    "val_rmse_ci95_low": 5.384033679962158,
    "val_rmse_ci95_high": 5.384033679962158,
    "val_rmse_min": 5.384033679962158,
    "val_rmse_max": 5.384033679962158,
    "val_rmse_n": 1,
    "val_mape_mean": 133550.28125,
    "val_mape_std": 0.0,
    "val_mape_ci95_low": 133550.28125,
    "val_mape_ci95_high": 133550.28125,
    "val_mape_min": 133550.28125,
    "val_mape_max": 133550.28125,
    "val_mape_n": 1,
    "val_smape_mean": 5.717261791229248,
    "val_smape_std": 0.0,
    "val_smape_ci95_low": 5.717261791229248,
    "val_smape_ci95_high": 5.717261791229248,
    "val_smape_min": 5.717261791229248,
    "val_smape_max": 5.717261791229248,
    "val_smape_n": 1,
    "val_wape_mean": 4.462750434875488,
    "val_wape_std": 0.0,
    "val_wape_ci95_low": 4.462750434875488,
    "val_wape_ci95_high": 4.462750434875488,
    "val_wape_min": 4.462750434875488,
    "val_wape_max": 4.462750434875488,
    "val_wape_n": 1,
    "val_loss_normalized_mean": 0.3283497714694658,
    "val_loss_normalized_std": 0.0,
    "val_loss_normalized_ci95_low": 0.3283497714694658,
    "val_loss_normalized_ci95_high": 0.3283497714694658,
    "val_loss_normalized_min": 0.3283497714694658,
    "val_loss_normalized_max": 0.3283497714694658,
    "val_loss_normalized_n": 1
  },
  "final_summary": {
    "timestamp": "2026-04-22T09:36:25.291764",
    "experiment_name": "simple_pems-bay_GraphWaveNet_22_04_2026-09h_29-epoch_1",
    "model": "GraphWaveNet",
    "dataset": "pems-bay",
    "selection_metric": "val_mae",
    "selected_params": {
      "hidden_dim": 64,
      "num_blocks": 3,
      "dilation_base": 2,
      "k": 2,
      "dropout": 0.1,
      "lr": 0.001,
      "weight_decay": 0.0001,
      "patience": 5
    },
    "selected_num_completed_seeds": 1,
    "final_num_completed_seeds": 1,
    "test_mae_mean": 2.5944159030914307,
    "test_mae_std": 0.0,
    "test_mae_ci95_low": 2.5944159030914307,
    "test_mae_ci95_high": 2.5944159030914307,
    "test_mae_min": 2.5944159030914307,
    "test_mae_max": 2.5944159030914307,
    "test_mae_n": 1,
    "test_rmse_mean": 4.9511895179748535,
    "test_rmse_std": 0.0,
    "test_rmse_ci95_low": 4.9511895179748535,
    "test_rmse_ci95_high": 4.9511895179748535,
    "test_rmse_min": 4.9511895179748535,
    "test_rmse_max": 4.9511895179748535,
    "test_rmse_n": 1,
    "test_mape_mean": 111242.4921875,
    "test_mape_std": 0.0,
    "test_mape_ci95_low": 111242.4921875,
    "test_mape_ci95_high": 111242.4921875,
    "test_mape_min": 111242.4921875,
    "test_mape_max": 111242.4921875,
    "test_mape_n": 1,
    "test_smape_mean": 5.211121082305908,
    "test_smape_std": 0.0,
    "test_smape_ci95_low": 5.211121082305908,
    "test_smape_ci95_high": 5.211121082305908,
    "test_smape_min": 5.211121082305908,
    "test_smape_max": 5.211121082305908,
    "test_smape_n": 1,
    "test_wape_mean": 4.153635501861572,
    "test_wape_std": 0.0,
    "test_wape_ci95_low": 4.153635501861572,
    "test_wape_ci95_high": 4.153635501861572,
    "test_wape_min": 4.153635501861572,
    "test_wape_max": 4.153635501861572,
    "test_wape_n": 1,
    "test_loss_normalized_mean": 0.2745870631588109,
    "test_loss_normalized_std": 0.0,
    "test_loss_normalized_ci95_low": 0.2745870631588109,
    "test_loss_normalized_ci95_high": 0.2745870631588109,
    "test_loss_normalized_min": 0.2745870631588109,
    "test_loss_normalized_max": 0.2745870631588109,
    "test_loss_normalized_n": 1,
    "selected_config_summary": {
      "params": {
        "hidden_dim": 64,
        "num_blocks": 3,
        "dilation_base": 2,
        "k": 2,
        "dropout": 0.1,
        "lr": 0.001,
        "weight_decay": 0.0001,
        "patience": 5
      },
      "num_completed_seeds": 1,
      "seeds": [
        42
      ],
      "val_mae_mean": 2.7715840339660645,
      "val_mae_std": 0.0,
      "val_mae_ci95_low": 2.7715840339660645,
      "val_mae_ci95_high": 2.7715840339660645,
      "val_mae_min": 2.7715840339660645,
      "val_mae_max": 2.7715840339660645,
      "val_mae_n": 1,
      "val_rmse_mean": 5.384033679962158,
      "val_rmse_std": 0.0,
      "val_rmse_ci95_low": 5.384033679962158,
      "val_rmse_ci95_high": 5.384033679962158,
      "val_rmse_min": 5.384033679962158,
      "val_rmse_max": 5.384033679962158,
      "val_rmse_n": 1,
      "val_mape_mean": 133550.28125,
      "val_mape_std": 0.0,
      "val_mape_ci95_low": 133550.28125,
      "val_mape_ci95_high": 133550.28125,
      "val_mape_min": 133550.28125,
      "val_mape_max": 133550.28125,
      "val_mape_n": 1,
      "val_smape_mean": 5.717261791229248,
      "val_smape_std": 0.0,
      "val_smape_ci95_low": 5.717261791229248,
      "val_smape_ci95_high": 5.717261791229248,
      "val_smape_min": 5.717261791229248,
      "val_smape_max": 5.717261791229248,
      "val_smape_n": 1,
      "val_wape_mean": 4.462750434875488,
      "val_wape_std": 0.0,
      "val_wape_ci95_low": 4.462750434875488,
      "val_wape_ci95_high": 4.462750434875488,
      "val_wape_min": 4.462750434875488,
      "val_wape_max": 4.462750434875488,
      "val_wape_n": 1,
      "val_loss_normalized_mean": 0.3283497714694658,
      "val_loss_normalized_std": 0.0,
      "val_loss_normalized_ci95_low": 0.3283497714694658,
      "val_loss_normalized_ci95_high": 0.3283497714694658,
      "val_loss_normalized_min": 0.3283497714694658,
      "val_loss_normalized_max": 0.3283497714694658,
      "val_loss_normalized_n": 1
    }
  }
}