{
  "timestamp": "2026-04-22T09:56:51.888007",
  "experiment_name": "simple_pems-bay_STICformer_22_04_2026-09h_29-epoch_1",
  "model": "STICformer",
  "dataset": "pems-bay",
  "selection_metric": "val_mae",
  "seeds": [
    42
  ],
  "params": {
    "hidden_dim": 64,
    "num_layers": 2,
    "num_heads": 4,
    "ff_multiplier": 2,
    "dropout": 0.1,
    "lr": 0.001,
    "weight_decay": 0.0001,
    "patience": 5
  },
  "final_test_results_file": "/home/suleimane/master/main/master-main/results/smoke/json/simple_pems-bay_STICformer_22_04_2026-09h_29-epoch_1_final_test_results.json",
  "config_summaries_file": "/home/suleimane/master/main/master-main/results/smoke/json/simple_pems-bay_STICformer_22_04_2026-09h_29-epoch_1_config_summaries.json",
  "selected_config": {
    "params": {
      "hidden_dim": 64,
      "num_layers": 2,
      "num_heads": 4,
      "ff_multiplier": 2,
      "dropout": 0.1,
      "lr": 0.001,
      "weight_decay": 0.0001,
      "patience": 5
    },
    "num_completed_seeds": 1,
    "seeds": [
      42
    ],
    "val_mae_mean": 2.326692819595337,
    "val_mae_std": 0.0,
    "val_mae_ci95_low": 2.326692819595337,
    "val_mae_ci95_high": 2.326692819595337,
    "val_mae_min": 2.326692819595337,
    "val_mae_max": 2.326692819595337,
    "val_mae_n": 1,
    "val_rmse_mean": 4.872758865356445,
    "val_rmse_std": 0.0,
    "val_rmse_ci95_low": 4.872758865356445,
    "val_rmse_ci95_high": 4.872758865356445,
    "val_rmse_min": 4.872758865356445,
    "val_rmse_max": 4.872758865356445,
    "val_rmse_n": 1,
    "val_mape_mean": 133633.875,
    "val_mape_std": 0.0,
    "val_mape_ci95_low": 133633.875,
    "val_mape_ci95_high": 133633.875,
    "val_mape_min": 133633.875,
    "val_mape_max": 133633.875,
    "val_mape_n": 1,
    "val_smape_mean": 4.789651393890381,
    "val_smape_std": 0.0,
    "val_smape_ci95_low": 4.789651393890381,
    "val_smape_ci95_high": 4.789651393890381,
    "val_smape_min": 4.789651393890381,
    "val_smape_max": 4.789651393890381,
    "val_smape_n": 1,
    "val_wape_mean": 3.7463951110839844,
    "val_wape_std": 0.0,
    "val_wape_ci95_low": 3.7463951110839844,
    "val_wape_ci95_high": 3.7463951110839844,
    "val_wape_min": 3.7463951110839844,
    "val_wape_max": 3.7463951110839844,
    "val_wape_n": 1,
    "val_loss_normalized_mean": 0.268767239685896,
    "val_loss_normalized_std": 0.0,
    "val_loss_normalized_ci95_low": 0.268767239685896,
    "val_loss_normalized_ci95_high": 0.268767239685896,
    "val_loss_normalized_min": 0.268767239685896,
    "val_loss_normalized_max": 0.268767239685896,
    "val_loss_normalized_n": 1
  },
  "final_summary": {
    "timestamp": "2026-04-22T09:56:51.884353",
    "experiment_name": "simple_pems-bay_STICformer_22_04_2026-09h_29-epoch_1",
    "model": "STICformer",
    "dataset": "pems-bay",
    "selection_metric": "val_mae",
    "selected_params": {
      "hidden_dim": 64,
      "num_layers": 2,
      "num_heads": 4,
      "ff_multiplier": 2,
      "dropout": 0.1,
      "lr": 0.001,
      "weight_decay": 0.0001,
      "patience": 5
    },
    "selected_num_completed_seeds": 1,
    "final_num_completed_seeds": 1,
    "test_mae_mean": 2.1476635932922363,
    "test_mae_std": 0.0,
    "test_mae_ci95_low": 2.1476635932922363,
    "test_mae_ci95_high": 2.1476635932922363,
    "test_mae_min": 2.1476635932922363,
    "test_mae_max": 2.1476635932922363,
    "test_mae_n": 1,
    "test_rmse_mean": 4.473166465759277,
    "test_rmse_std": 0.0,
    "test_rmse_ci95_low": 4.473166465759277,
    "test_rmse_ci95_high": 4.473166465759277,
    "test_rmse_min": 4.473166465759277,
    "test_rmse_max": 4.473166465759277,
    "test_rmse_n": 1,
    "test_mape_mean": 111547.6328125,
    "test_mape_std": 0.0,
    "test_mape_ci95_low": 111547.6328125,
    "test_mape_ci95_high": 111547.6328125,
    "test_mape_min": 111547.6328125,
    "test_mape_max": 111547.6328125,
    "test_mape_n": 1,
    "test_smape_mean": 4.305769920349121,
    "test_smape_std": 0.0,
    "test_smape_ci95_low": 4.305769920349121,
    "test_smape_ci95_high": 4.305769920349121,
    "test_smape_min": 4.305769920349121,
    "test_smape_max": 4.305769920349121,
    "test_smape_n": 1,
    "test_wape_mean": 3.438389778137207,
    "test_wape_std": 0.0,
    "test_wape_ci95_low": 3.438389778137207,
    "test_wape_ci95_high": 3.438389778137207,
    "test_wape_min": 3.438389778137207,
    "test_wape_max": 3.438389778137207,
    "test_wape_n": 1,
    "test_loss_normalized_mean": 0.2241003549846312,
    "test_loss_normalized_std": 0.0,
    "test_loss_normalized_ci95_low": 0.2241003549846312,
    "test_loss_normalized_ci95_high": 0.2241003549846312,
    "test_loss_normalized_min": 0.2241003549846312,
    "test_loss_normalized_max": 0.2241003549846312,
    "test_loss_normalized_n": 1,
    "selected_config_summary": {
      "params": {
        "hidden_dim": 64,
        "num_layers": 2,
        "num_heads": 4,
        "ff_multiplier": 2,
        "dropout": 0.1,
        "lr": 0.001,
        "weight_decay": 0.0001,
        "patience": 5
      },
      "num_completed_seeds": 1,
      "seeds": [
        42
      ],
      "val_mae_mean": 2.326692819595337,
      "val_mae_std": 0.0,
      "val_mae_ci95_low": 2.326692819595337,
      "val_mae_ci95_high": 2.326692819595337,
      "val_mae_min": 2.326692819595337,
      "val_mae_max": 2.326692819595337,
      "val_mae_n": 1,
      "val_rmse_mean": 4.872758865356445,
      "val_rmse_std": 0.0,
      "val_rmse_ci95_low": 4.872758865356445,
      "val_rmse_ci95_high": 4.872758865356445,
      "val_rmse_min": 4.872758865356445,
      "val_rmse_max": 4.872758865356445,
      "val_rmse_n": 1,
      "val_mape_mean": 133633.875,
      "val_mape_std": 0.0,
      "val_mape_ci95_low": 133633.875,
      "val_mape_ci95_high": 133633.875,
      "val_mape_min": 133633.875,
      "val_mape_max": 133633.875,
      "val_mape_n": 1,
      "val_smape_mean": 4.789651393890381,
      "val_smape_std": 0.0,
      "val_smape_ci95_low": 4.789651393890381,
      "val_smape_ci95_high": 4.789651393890381,
      "val_smape_min": 4.789651393890381,
      "val_smape_max": 4.789651393890381,
      "val_smape_n": 1,
      "val_wape_mean": 3.7463951110839844,
      "val_wape_std": 0.0,
      "val_wape_ci95_low": 3.7463951110839844,
      "val_wape_ci95_high": 3.7463951110839844,
      "val_wape_min": 3.7463951110839844,
      "val_wape_max": 3.7463951110839844,
      "val_wape_n": 1,
      "val_loss_normalized_mean": 0.268767239685896,
      "val_loss_normalized_std": 0.0,
      "val_loss_normalized_ci95_low": 0.268767239685896,
      "val_loss_normalized_ci95_high": 0.268767239685896,
      "val_loss_normalized_min": 0.268767239685896,
      "val_loss_normalized_max": 0.268767239685896,
      "val_loss_normalized_n": 1
    }
  }
}