{
  "mae": 2.5556557178497314,
  "rmse": 5.151176929473877,
  "mape": 112429.0390625
}