{
  "mae": 7.461538314819336,
  "rmse": 12.482209205627441,
  "mape": 22280566784.0
}