{
  "mae": 6.432498931884766,
  "rmse": 11.987882614135742,
  "mape": 19988510720.0
}