{
  "timestamp": "2026-04-22T11:33:45.167740",
  "experiment_name": "simple_backbone_metr-la-by-disp_fil-with-alpah_filter0_4_GraphWaveNet_22_04_2026-11h_30-epoch_1",
  "model": "GraphWaveNet",
  "dataset": "metr-la-by-disp_fil-with-alpah_filter0_4",
  "selection_metric": "val_mae",
  "seeds": [
    42
  ],
  "params": {
    "hidden_dim": 64,
    "num_blocks": 3,
    "dilation_base": 2,
    "k": 2,
    "dropout": 0.1,
    "lr": 0.001,
    "weight_decay": 0.0001,
    "patience": 5
  },
  "final_test_results_file": "/home/suleimane/master/main/master-main/results/smoke/json/simple_backbone_metr-la-by-disp_fil-with-alpah_filter0_4_GraphWaveNet_22_04_2026-11h_30-epoch_1_final_test_results.json",
  "config_summaries_file": "/home/suleimane/master/main/master-main/results/smoke/json/simple_backbone_metr-la-by-disp_fil-with-alpah_filter0_4_GraphWaveNet_22_04_2026-11h_30-epoch_1_config_summaries.json",
  "selected_config": {
    "params": {
      "hidden_dim": 64,
      "num_blocks": 3,
      "dilation_base": 2,
      "k": 2,
      "dropout": 0.1,
      "lr": 0.001,
      "weight_decay": 0.0001,
      "patience": 5
    },
    "num_completed_seeds": 1,
    "seeds": [
      42
    ],
    "val_mae_mean": 6.170043468475342,
    "val_mae_std": 0.0,
    "val_mae_ci95_low": 6.170043468475342,
    "val_mae_ci95_high": 6.170043468475342,
    "val_mae_min": 6.170043468475342,
    "val_mae_max": 6.170043468475342,
    "val_mae_n": 1,
    "val_rmse_mean": 11.282514572143555,
    "val_rmse_std": 0.0,
    "val_rmse_ci95_low": 11.282514572143555,
    "val_rmse_ci95_high": 11.282514572143555,
    "val_rmse_min": 11.282514572143555,
    "val_rmse_max": 11.282514572143555,
    "val_rmse_n": 1,
    "val_mape_mean": 13592985600.0,
    "val_mape_std": 0.0,
    "val_mape_ci95_low": 13592985600.0,
    "val_mape_ci95_high": 13592985600.0,
    "val_mape_min": 13592985600.0,
    "val_mape_max": 13592985600.0,
    "val_mape_n": 1,
    "val_smape_mean": 24.428693771362305,
    "val_smape_std": 0.0,
    "val_smape_ci95_low": 24.428693771362305,
    "val_smape_ci95_high": 24.428693771362305,
    "val_smape_min": 24.428693771362305,
    "val_smape_max": 24.428693771362305,
    "val_smape_n": 1,
    "val_wape_mean": 11.250947952270508,
    "val_wape_std": 0.0,
    "val_wape_ci95_low": 11.250947952270508,
    "val_wape_ci95_high": 11.250947952270508,
    "val_wape_min": 11.250947952270508,
    "val_wape_max": 11.250947952270508,
    "val_wape_n": 1,
    "val_loss_normalized_mean": 0.3339431014294936,
    "val_loss_normalized_std": 0.0,
    "val_loss_normalized_ci95_low": 0.3339431014294936,
    "val_loss_normalized_ci95_high": 0.3339431014294936,
    "val_loss_normalized_min": 0.3339431014294936,
    "val_loss_normalized_max": 0.3339431014294936,
    "val_loss_normalized_n": 1
  },
  "final_summary": {
    "timestamp": "2026-04-22T11:33:45.163689",
    "experiment_name": "simple_backbone_metr-la-by-disp_fil-with-alpah_filter0_4_GraphWaveNet_22_04_2026-11h_30-epoch_1",
    "model": "GraphWaveNet",
    "dataset": "metr-la-by-disp_fil-with-alpah_filter0_4",
    "selection_metric": "val_mae",
    "selected_params": {
      "hidden_dim": 64,
      "num_blocks": 3,
      "dilation_base": 2,
      "k": 2,
      "dropout": 0.1,
      "lr": 0.001,
      "weight_decay": 0.0001,
      "patience": 5
    },
    "selected_num_completed_seeds": 1,
    "final_num_completed_seeds": 1,
    "test_mae_mean": 7.020486831665039,
    "test_mae_std": 0.0,
    "test_mae_ci95_low": 7.020486831665039,
    "test_mae_ci95_high": 7.020486831665039,
    "test_mae_min": 7.020486831665039,
    "test_mae_max": 7.020486831665039,
    "test_mae_n": 1,
    "test_rmse_mean": 12.361699104309082,
    "test_rmse_std": 0.0,
    "test_rmse_ci95_low": 12.361699104309082,
    "test_rmse_ci95_high": 12.361699104309082,
    "test_rmse_min": 12.361699104309082,
    "test_rmse_max": 12.361699104309082,
    "test_rmse_n": 1,
    "test_mape_mean": 20023928832.0,
    "test_mape_std": 0.0,
    "test_mape_ci95_low": 20023928832.0,
    "test_mape_ci95_high": 20023928832.0,
    "test_mape_min": 20023928832.0,
    "test_mape_max": 20023928832.0,
    "test_mape_n": 1,
    "test_smape_mean": 35.413177490234375,
    "test_smape_std": 0.0,
    "test_smape_ci95_low": 35.413177490234375,
    "test_smape_ci95_high": 35.413177490234375,
    "test_smape_min": 35.413177490234375,
    "test_smape_max": 35.413177490234375,
    "test_smape_n": 1,
    "test_wape_mean": 13.836368560791016,
    "test_wape_std": 0.0,
    "test_wape_ci95_low": 13.836368560791016,
    "test_wape_ci95_high": 13.836368560791016,
    "test_wape_min": 13.836368560791016,
    "test_wape_max": 13.836368560791016,
    "test_wape_n": 1,
    "test_loss_normalized_mean": 0.40133542729384986,
    "test_loss_normalized_std": 0.0,
    "test_loss_normalized_ci95_low": 0.40133542729384986,
    "test_loss_normalized_ci95_high": 0.40133542729384986,
    "test_loss_normalized_min": 0.40133542729384986,
    "test_loss_normalized_max": 0.40133542729384986,
    "test_loss_normalized_n": 1,
    "selected_config_summary": {
      "params": {
        "hidden_dim": 64,
        "num_blocks": 3,
        "dilation_base": 2,
        "k": 2,
        "dropout": 0.1,
        "lr": 0.001,
        "weight_decay": 0.0001,
        "patience": 5
      },
      "num_completed_seeds": 1,
      "seeds": [
        42
      ],
      "val_mae_mean": 6.170043468475342,
      "val_mae_std": 0.0,
      "val_mae_ci95_low": 6.170043468475342,
      "val_mae_ci95_high": 6.170043468475342,
      "val_mae_min": 6.170043468475342,
      "val_mae_max": 6.170043468475342,
      "val_mae_n": 1,
      "val_rmse_mean": 11.282514572143555,
      "val_rmse_std": 0.0,
      "val_rmse_ci95_low": 11.282514572143555,
      "val_rmse_ci95_high": 11.282514572143555,
      "val_rmse_min": 11.282514572143555,
      "val_rmse_max": 11.282514572143555,
      "val_rmse_n": 1,
      "val_mape_mean": 13592985600.0,
      "val_mape_std": 0.0,
      "val_mape_ci95_low": 13592985600.0,
      "val_mape_ci95_high": 13592985600.0,
      "val_mape_min": 13592985600.0,
      "val_mape_max": 13592985600.0,
      "val_mape_n": 1,
      "val_smape_mean": 24.428693771362305,
      "val_smape_std": 0.0,
      "val_smape_ci95_low": 24.428693771362305,
      "val_smape_ci95_high": 24.428693771362305,
      "val_smape_min": 24.428693771362305,
      "val_smape_max": 24.428693771362305,
      "val_smape_n": 1,
      "val_wape_mean": 11.250947952270508,
      "val_wape_std": 0.0,
      "val_wape_ci95_low": 11.250947952270508,
      "val_wape_ci95_high": 11.250947952270508,
      "val_wape_min": 11.250947952270508,
      "val_wape_max": 11.250947952270508,
      "val_wape_n": 1,
      "val_loss_normalized_mean": 0.3339431014294936,
      "val_loss_normalized_std": 0.0,
      "val_loss_normalized_ci95_low": 0.3339431014294936,
      "val_loss_normalized_ci95_high": 0.3339431014294936,
      "val_loss_normalized_min": 0.3339431014294936,
      "val_loss_normalized_max": 0.3339431014294936,
      "val_loss_normalized_n": 1
    }
  }
}