{
  "mae": 6.668671607971191,
  "rmse": 12.279290199279785,
  "mape": 20073758720.0
}