{
  "mae": 2.164320945739746,
  "rmse": 4.435702800750732,
  "mape": 111514.8046875
}