{
  "timestamp": "2026-04-22T09:24:02.030943",
  "experiment_name": "simple_pems-bay_MTGNN_22_04_2026-09h_09-epoch_1",
  "model": "MTGNN",
  "dataset": "pems-bay",
  "selection_metric": "val_mae",
  "seeds": [
    42
  ],
  "params": {
    "hidden_dim": 64,
    "num_blocks": 3,
    "kernel_size": 2,
    "dilation_base": 2,
    "gcn_depth": 2,
    "propalpha": 0.05,
    "node_dim": 16,
    "dropout": 0.1,
    "lr": 0.001,
    "weight_decay": 0.0001,
    "patience": 5
  },
  "final_test_results_file": "/home/suleimane/master/main/master-main/results/smoke/json/simple_pems-bay_MTGNN_22_04_2026-09h_09-epoch_1_final_test_results.json",
  "config_summaries_file": "/home/suleimane/master/main/master-main/results/smoke/json/simple_pems-bay_MTGNN_22_04_2026-09h_09-epoch_1_config_summaries.json",
  "selected_config": {
    "params": {
      "hidden_dim": 64,
      "num_blocks": 3,
      "kernel_size": 2,
      "dilation_base": 2,
      "gcn_depth": 2,
      "propalpha": 0.05,
      "node_dim": 16,
      "dropout": 0.1,
      "lr": 0.001,
      "weight_decay": 0.0001,
      "patience": 5
    },
    "num_completed_seeds": 1,
    "seeds": [
      42
    ],
    "val_mae_mean": 2.4594991207122803,
    "val_mae_std": 0.0,
    "val_mae_ci95_low": 2.4594991207122803,
    "val_mae_ci95_high": 2.4594991207122803,
    "val_mae_min": 2.4594991207122803,
    "val_mae_max": 2.4594991207122803,
    "val_mae_n": 1,
    "val_rmse_mean": 5.340156078338623,
    "val_rmse_std": 0.0,
    "val_rmse_ci95_low": 5.340156078338623,
    "val_rmse_ci95_high": 5.340156078338623,
    "val_rmse_min": 5.340156078338623,
    "val_rmse_max": 5.340156078338623,
    "val_rmse_n": 1,
    "val_mape_mean": 133971.140625,
    "val_mape_std": 0.0,
    "val_mape_ci95_low": 133971.140625,
    "val_mape_ci95_high": 133971.140625,
    "val_mape_min": 133971.140625,
    "val_mape_max": 133971.140625,
    "val_mape_n": 1,
    "val_smape_mean": 5.139338493347168,
    "val_smape_std": 0.0,
    "val_smape_ci95_low": 5.139338493347168,
    "val_smape_ci95_high": 5.139338493347168,
    "val_smape_min": 5.139338493347168,
    "val_smape_max": 5.139338493347168,
    "val_smape_n": 1,
    "val_wape_mean": 3.9602372646331787,
    "val_wape_std": 0.0,
    "val_wape_ci95_low": 3.9602372646331787,
    "val_wape_ci95_high": 3.9602372646331787,
    "val_wape_min": 3.9602372646331787,
    "val_wape_max": 3.9602372646331787,
    "val_wape_n": 1,
    "val_loss_normalized_mean": 0.32519573938646695,
    "val_loss_normalized_std": 0.0,
    "val_loss_normalized_ci95_low": 0.32519573938646695,
    "val_loss_normalized_ci95_high": 0.32519573938646695,
    "val_loss_normalized_min": 0.32519573938646695,
    "val_loss_normalized_max": 0.32519573938646695,
    "val_loss_normalized_n": 1
  },
  "final_summary": {
    "timestamp": "2026-04-22T09:24:02.026088",
    "experiment_name": "simple_pems-bay_MTGNN_22_04_2026-09h_09-epoch_1",
    "model": "MTGNN",
    "dataset": "pems-bay",
    "selection_metric": "val_mae",
    "selected_params": {
      "hidden_dim": 64,
      "num_blocks": 3,
      "kernel_size": 2,
      "dilation_base": 2,
      "gcn_depth": 2,
      "propalpha": 0.05,
      "node_dim": 16,
      "dropout": 0.1,
      "lr": 0.001,
      "weight_decay": 0.0001,
      "patience": 5
    },
    "selected_num_completed_seeds": 1,
    "final_num_completed_seeds": 1,
    "test_mae_mean": 2.2402381896972656,
    "test_mae_std": 0.0,
    "test_mae_ci95_low": 2.2402381896972656,
    "test_mae_ci95_high": 2.2402381896972656,
    "test_mae_min": 2.2402381896972656,
    "test_mae_max": 2.2402381896972656,
    "test_mae_n": 1,
    "test_rmse_mean": 4.85331392288208,
    "test_rmse_std": 0.0,
    "test_rmse_ci95_low": 4.85331392288208,
    "test_rmse_ci95_high": 4.85331392288208,
    "test_rmse_min": 4.85331392288208,
    "test_rmse_max": 4.85331392288208,
    "test_rmse_n": 1,
    "test_mape_mean": 112014.2734375,
    "test_mape_std": 0.0,
    "test_mape_ci95_low": 112014.2734375,
    "test_mape_ci95_high": 112014.2734375,
    "test_mape_min": 112014.2734375,
    "test_mape_max": 112014.2734375,
    "test_mape_n": 1,
    "test_smape_mean": 4.560877799987793,
    "test_smape_std": 0.0,
    "test_smape_ci95_low": 4.560877799987793,
    "test_smape_ci95_high": 4.560877799987793,
    "test_smape_min": 4.560877799987793,
    "test_smape_max": 4.560877799987793,
    "test_smape_n": 1,
    "test_wape_mean": 3.5866003036499023,
    "test_wape_std": 0.0,
    "test_wape_ci95_low": 3.5866003036499023,
    "test_wape_ci95_high": 3.5866003036499023,
    "test_wape_min": 3.5866003036499023,
    "test_wape_max": 3.5866003036499023,
    "test_wape_n": 1,
    "test_loss_normalized_mean": 0.2639410498272056,
    "test_loss_normalized_std": 0.0,
    "test_loss_normalized_ci95_low": 0.2639410498272056,
    "test_loss_normalized_ci95_high": 0.2639410498272056,
    "test_loss_normalized_min": 0.2639410498272056,
    "test_loss_normalized_max": 0.2639410498272056,
    "test_loss_normalized_n": 1,
    "selected_config_summary": {
      "params": {
        "hidden_dim": 64,
        "num_blocks": 3,
        "kernel_size": 2,
        "dilation_base": 2,
        "gcn_depth": 2,
        "propalpha": 0.05,
        "node_dim": 16,
        "dropout": 0.1,
        "lr": 0.001,
        "weight_decay": 0.0001,
        "patience": 5
      },
      "num_completed_seeds": 1,
      "seeds": [
        42
      ],
      "val_mae_mean": 2.4594991207122803,
      "val_mae_std": 0.0,
      "val_mae_ci95_low": 2.4594991207122803,
      "val_mae_ci95_high": 2.4594991207122803,
      "val_mae_min": 2.4594991207122803,
      "val_mae_max": 2.4594991207122803,
      "val_mae_n": 1,
      "val_rmse_mean": 5.340156078338623,
      "val_rmse_std": 0.0,
      "val_rmse_ci95_low": 5.340156078338623,
      "val_rmse_ci95_high": 5.340156078338623,
      "val_rmse_min": 5.340156078338623,
      "val_rmse_max": 5.340156078338623,
      "val_rmse_n": 1,
      "val_mape_mean": 133971.140625,
      "val_mape_std": 0.0,
      "val_mape_ci95_low": 133971.140625,
      "val_mape_ci95_high": 133971.140625,
      "val_mape_min": 133971.140625,
      "val_mape_max": 133971.140625,
      "val_mape_n": 1,
      "val_smape_mean": 5.139338493347168,
      "val_smape_std": 0.0,
      "val_smape_ci95_low": 5.139338493347168,
      "val_smape_ci95_high": 5.139338493347168,
      "val_smape_min": 5.139338493347168,
      "val_smape_max": 5.139338493347168,
      "val_smape_n": 1,
      "val_wape_mean": 3.9602372646331787,
      "val_wape_std": 0.0,
      "val_wape_ci95_low": 3.9602372646331787,
      "val_wape_ci95_high": 3.9602372646331787,
      "val_wape_min": 3.9602372646331787,
      "val_wape_max": 3.9602372646331787,
      "val_wape_n": 1,
      "val_loss_normalized_mean": 0.32519573938646695,
      "val_loss_normalized_std": 0.0,
      "val_loss_normalized_ci95_low": 0.32519573938646695,
      "val_loss_normalized_ci95_high": 0.32519573938646695,
      "val_loss_normalized_min": 0.32519573938646695,
      "val_loss_normalized_max": 0.32519573938646695,
      "val_loss_normalized_n": 1
    }
  }
}