{
  "mae": 6.884324550628662,
  "rmse": 12.37030029296875,
  "mape": 20654348288.0
}