{
  "mae": 2.2684695720672607,
  "rmse": 4.841379165649414,
  "mape": 111785.640625
}