{
  "mae": 7.181782245635986,
  "rmse": 12.413799285888672,
  "mape": 20734009344.0
}