{
  "mae": 2.224238395690918,
  "rmse": 4.785066604614258,
  "mape": 40118244.0
}