{
  "mae": 6.346583366394043,
  "rmse": 12.099595069885254,
  "mape": 19467831296.0
}