{
  "mae": 6.008575916290283,
  "rmse": 11.86453628540039,
  "mape": 17282975744.0
}