{
  "mae": 5.94118070602417,
  "rmse": 11.95132064819336,
  "mape": 18490636288.0
}