{
  "timestamp": "2026-03-04T22:08:23.241241",
  "experiment_name": "metr-la_MTGNN_20260304_163952",
  "model": "MTGNN",
  "total_configs": 1,
  "best_by_loss": {
    "params": {
      "input_dim": 1,
      "hidden_dim": 64,
      "output_dim": 1,
      "seq_len": 12,
      "horizon": 12,
      "num_blocks": 3,
      "kernel_size": 2,
      "dilation_base": 2,
      "gcn_depth": 2,
      "propalpha": 0.05,
      "node_dim": 16,
      "dropout": 0.1,
      "lr": 0.001,
      "weight_decay": 0.0001,
      "epochs": 50,
      "patience": 5
    },
    "test_loss": 0.4018265298487012,
    "mae": 0.34684890508651733,
    "rmse": 0.6338979005813599,
    "mape": 122.34736633300781
  },
  "best_by_mae": {
    "params": {
      "input_dim": 1,
      "hidden_dim": 64,
      "output_dim": 1,
      "seq_len": 12,
      "horizon": 12,
      "num_blocks": 3,
      "kernel_size": 2,
      "dilation_base": 2,
      "gcn_depth": 2,
      "propalpha": 0.05,
      "node_dim": 16,
      "dropout": 0.1,
      "lr": 0.001,
      "weight_decay": 0.0001,
      "epochs": 50,
      "patience": 5
    },
    "test_loss": 0.4018265298487012,
    "mae": 0.34684890508651733,
    "rmse": 0.6338979005813599,
    "mape": 122.34736633300781
  },
  "best_by_rmse": {
    "params": {
      "input_dim": 1,
      "hidden_dim": 64,
      "output_dim": 1,
      "seq_len": 12,
      "horizon": 12,
      "num_blocks": 3,
      "kernel_size": 2,
      "dilation_base": 2,
      "gcn_depth": 2,
      "propalpha": 0.05,
      "node_dim": 16,
      "dropout": 0.1,
      "lr": 0.001,
      "weight_decay": 0.0001,
      "epochs": 50,
      "patience": 5
    },
    "test_loss": 0.4018265298487012,
    "mae": 0.34684890508651733,
    "rmse": 0.6338979005813599,
    "mape": 122.34736633300781
  },
  "best_by_mape": {
    "params": {
      "input_dim": 1,
      "hidden_dim": 64,
      "output_dim": 1,
      "seq_len": 12,
      "horizon": 12,
      "num_blocks": 3,
      "kernel_size": 2,
      "dilation_base": 2,
      "gcn_depth": 2,
      "propalpha": 0.05,
      "node_dim": 16,
      "dropout": 0.1,
      "lr": 0.001,
      "weight_decay": 0.0001,
      "epochs": 50,
      "patience": 5
    },
    "test_loss": 0.4018265298487012,
    "mae": 0.34684890508651733,
    "rmse": 0.6338979005813599,
    "mape": 122.34736633300781
  },
  "all_results": [
    {
      "params": {
        "input_dim": 1,
        "hidden_dim": 64,
        "output_dim": 1,
        "seq_len": 12,
        "horizon": 12,
        "num_blocks": 3,
        "kernel_size": 2,
        "dilation_base": 2,
        "gcn_depth": 2,
        "propalpha": 0.05,
        "node_dim": 16,
        "dropout": 0.1,
        "lr": 0.001,
        "weight_decay": 0.0001,
        "epochs": 50,
        "patience": 5
      },
      "test_loss": 0.4018265298487012,
      "mae": 0.34684890508651733,
      "rmse": 0.6338979005813599,
      "mape": 122.34736633300781
    }
  ]
}