{
  "timestamp": "2026-03-04T23:15:30.847525",
  "total_experiments": 6,
  "successful_experiments": 6,
  "primary_metric": "MAE",
  "experiments": [
    {
      "experiment_name": "metr-la_DCRNN_20260304_163952",
      "model": "DCRNN",
      "dataset": "metr-la",
      "metadata": {
        "run_id": "20260304_163952",
        "device": "cuda",
        "num_nodes": 207,
        "seq_len": 12,
        "horizon": 12,
        "batch_size": 8,
        "normalization_stats": {
          "method": "zscore",
          "mean": 54.40591191569834,
          "std": 19.494251201218937
        },
        "total_configs": 1,
        "best_result": {
          "params": {
            "input_dim": 1,
            "hidden_dim": 64,
            "output_dim": 1,
            "seq_len": 12,
            "horizon": 12,
            "k": 2,
            "dropout": 0.1,
            "lr": 0.001,
            "weight_decay": 0.0001,
            "epochs": 50,
            "patience": 5,
            "use_scheduled_sampling": false,
            "teacher_forcing_ratio": 0.5
          },
          "test_loss": 0.3905977067914933,
          "mae": 0.34448111057281494,
          "rmse": 0.6249781847000122,
          "mape": 121.20404052734375
        }
      },
      "best_results": [
        {
          "Métrica": "Loss",
          "Test Loss": 0.3905977067914933,
          "MAE": 0.34448111057281494,
          "RMSE": 0.6249781847000122,
          "MAPE (%)": 121.20404052734375,
          "Params": "{'input_dim': 1, 'hidden_dim': 64, 'output_dim': 1, 'seq_len': 12, 'horizon': 12, 'k': 2, 'dropout': 0.1, 'lr': 0.001, 'weight_decay': 0.0001, 'epochs': 50, 'patience': 5, 'use_scheduled_sampling': False, 'teacher_forcing_ratio': 0.5}"
        },
        {
          "Métrica": "MAE",
          "Test Loss": 0.3905977067914933,
          "MAE": 0.34448111057281494,
          "RMSE": 0.6249781847000122,
          "MAPE (%)": 121.20404052734375,
          "Params": "{'input_dim': 1, 'hidden_dim': 64, 'output_dim': 1, 'seq_len': 12, 'horizon': 12, 'k': 2, 'dropout': 0.1, 'lr': 0.001, 'weight_decay': 0.0001, 'epochs': 50, 'patience': 5, 'use_scheduled_sampling': False, 'teacher_forcing_ratio': 0.5}"
        },
        {
          "Métrica": "RMSE",
          "Test Loss": 0.3905977067914933,
          "MAE": 0.34448111057281494,
          "RMSE": 0.6249781847000122,
          "MAPE (%)": 121.20404052734375,
          "Params": "{'input_dim': 1, 'hidden_dim': 64, 'output_dim': 1, 'seq_len': 12, 'horizon': 12, 'k': 2, 'dropout': 0.1, 'lr': 0.001, 'weight_decay': 0.0001, 'epochs': 50, 'patience': 5, 'use_scheduled_sampling': False, 'teacher_forcing_ratio': 0.5}"
        },
        {
          "Métrica": "MAPE",
          "Test Loss": 0.3905977067914933,
          "MAE": 0.34448111057281494,
          "RMSE": 0.6249781847000122,
          "MAPE (%)": 121.20404052734375,
          "Params": "{'input_dim': 1, 'hidden_dim': 64, 'output_dim': 1, 'seq_len': 12, 'horizon': 12, 'k': 2, 'dropout': 0.1, 'lr': 0.001, 'weight_decay': 0.0001, 'epochs': 50, 'patience': 5, 'use_scheduled_sampling': False, 'teacher_forcing_ratio': 0.5}"
        }
      ]
    },
    {
      "experiment_name": "metr-la_GraphWaveNet_20260304_163952",
      "model": "GraphWaveNet",
      "dataset": "metr-la",
      "metadata": {
        "run_id": "20260304_163952",
        "device": "cuda",
        "num_nodes": 207,
        "seq_len": 12,
        "horizon": 12,
        "batch_size": 8,
        "normalization_stats": {
          "method": "zscore",
          "mean": 54.40591191569834,
          "std": 19.494251201218937
        },
        "total_configs": 1,
        "best_result": {
          "params": {
            "input_dim": 1,
            "hidden_dim": 64,
            "output_dim": 1,
            "seq_len": 12,
            "horizon": 12,
            "num_blocks": 3,
            "dilation_base": 2,
            "k": 2,
            "dropout": 0.1,
            "lr": 0.001,
            "weight_decay": 0.0001,
            "epochs": 50,
            "patience": 5
          },
          "test_loss": 0.3843751299506887,
          "mae": 0.31386640667915344,
          "rmse": 0.6199799180030823,
          "mape": 110.92346954345703
        }
      },
      "best_results": [
        {
          "Métrica": "Loss",
          "Test Loss": 0.3843751299506887,
          "MAE": 0.31386640667915344,
          "RMSE": 0.6199799180030823,
          "MAPE (%)": 110.92346954345703,
          "Params": "{'input_dim': 1, 'hidden_dim': 64, 'output_dim': 1, 'seq_len': 12, 'horizon': 12, 'num_blocks': 3, 'dilation_base': 2, 'k': 2, 'dropout': 0.1, 'lr': 0.001, 'weight_decay': 0.0001, 'epochs': 50, 'patience': 5}"
        },
        {
          "Métrica": "MAE",
          "Test Loss": 0.3843751299506887,
          "MAE": 0.31386640667915344,
          "RMSE": 0.6199799180030823,
          "MAPE (%)": 110.92346954345703,
          "Params": "{'input_dim': 1, 'hidden_dim': 64, 'output_dim': 1, 'seq_len': 12, 'horizon': 12, 'num_blocks': 3, 'dilation_base': 2, 'k': 2, 'dropout': 0.1, 'lr': 0.001, 'weight_decay': 0.0001, 'epochs': 50, 'patience': 5}"
        },
        {
          "Métrica": "RMSE",
          "Test Loss": 0.3843751299506887,
          "MAE": 0.31386640667915344,
          "RMSE": 0.6199799180030823,
          "MAPE (%)": 110.92346954345703,
          "Params": "{'input_dim': 1, 'hidden_dim': 64, 'output_dim': 1, 'seq_len': 12, 'horizon': 12, 'num_blocks': 3, 'dilation_base': 2, 'k': 2, 'dropout': 0.1, 'lr': 0.001, 'weight_decay': 0.0001, 'epochs': 50, 'patience': 5}"
        },
        {
          "Métrica": "MAPE",
          "Test Loss": 0.3843751299506887,
          "MAE": 0.31386640667915344,
          "RMSE": 0.6199799180030823,
          "MAPE (%)": 110.92346954345703,
          "Params": "{'input_dim': 1, 'hidden_dim': 64, 'output_dim': 1, 'seq_len': 12, 'horizon': 12, 'num_blocks': 3, 'dilation_base': 2, 'k': 2, 'dropout': 0.1, 'lr': 0.001, 'weight_decay': 0.0001, 'epochs': 50, 'patience': 5}"
        }
      ]
    },
    {
      "experiment_name": "metr-la_MTGNN_20260304_163952",
      "model": "MTGNN",
      "dataset": "metr-la",
      "metadata": {
        "run_id": "20260304_163952",
        "device": "cuda",
        "num_nodes": 207,
        "seq_len": 12,
        "horizon": 12,
        "batch_size": 8,
        "normalization_stats": {
          "method": "zscore",
          "mean": 54.40591191569834,
          "std": 19.494251201218937
        },
        "total_configs": 1,
        "best_result": {
          "params": {
            "input_dim": 1,
            "hidden_dim": 64,
            "output_dim": 1,
            "seq_len": 12,
            "horizon": 12,
            "num_blocks": 3,
            "kernel_size": 2,
            "dilation_base": 2,
            "gcn_depth": 2,
            "propalpha": 0.05,
            "node_dim": 16,
            "dropout": 0.1,
            "lr": 0.001,
            "weight_decay": 0.0001,
            "epochs": 50,
            "patience": 5
          },
          "test_loss": 0.4018265298487012,
          "mae": 0.34684890508651733,
          "rmse": 0.6338979005813599,
          "mape": 122.34736633300781
        }
      },
      "best_results": [
        {
          "Métrica": "Loss",
          "Test Loss": 0.4018265298487012,
          "MAE": 0.34684890508651733,
          "RMSE": 0.6338979005813599,
          "MAPE (%)": 122.34736633300781,
          "Params": "{'input_dim': 1, 'hidden_dim': 64, 'output_dim': 1, 'seq_len': 12, 'horizon': 12, 'num_blocks': 3, 'kernel_size': 2, 'dilation_base': 2, 'gcn_depth': 2, 'propalpha': 0.05, 'node_dim': 16, 'dropout': 0.1, 'lr': 0.001, 'weight_decay': 0.0001, 'epochs': 50, 'patience': 5}"
        },
        {
          "Métrica": "MAE",
          "Test Loss": 0.4018265298487012,
          "MAE": 0.34684890508651733,
          "RMSE": 0.6338979005813599,
          "MAPE (%)": 122.34736633300781,