{
  "mae": 6.8797287940979,
  "rmse": 12.386920928955078,
  "mape": 21003464704.0
}