{
  "mae": 6.715398788452148,
  "rmse": 12.183478355407715,
  "mape": 17878968320.0
}