{
  "mae": 2.269164562225342,
  "rmse": 4.7921462059021,
  "mape": 111602.359375
}