{
  "mae": 1.965780258178711,
  "rmse": 4.1007184982299805,
  "mape": 112092.3203125
}