{
  "timestamp": "2026-03-06T15:45:30.768846",
  "experiment_name": "pems-bay_GraphWaveNet_20260306_142338",
  "model": "GraphWaveNet",
  "total_configs": 1,
  "best_by_loss": {
    "params": {
      "input_dim": 1,
      "hidden_dim": 64,
      "output_dim": 1,
      "seq_len": 12,
      "horizon": 12,
      "num_blocks": 3,
      "dilation_base": 2,
      "k": 2,
      "dropout": 0.1,
      "lr": 0.001,
      "weight_decay": 0.0001,
      "epochs": 200,
      "patience": 5
    },
    "test_loss": 0.2049346020535425,
    "mae": 0.21524350345134735,
    "rmse": 0.45282214879989624,
    "mape": 121.45983123779297
  },
  "best_by_mae": {
    "params": {
      "input_dim": 1,
      "hidden_dim": 64,
      "output_dim": 1,
      "seq_len": 12,
      "horizon": 12,
      "num_blocks": 3,
      "dilation_base": 2,
      "k": 2,
      "dropout": 0.1,
      "lr": 0.001,
      "weight_decay": 0.0001,
      "epochs": 200,
      "patience": 5
    },
    "test_loss": 0.2049346020535425,
    "mae": 0.21524350345134735,
    "rmse": 0.45282214879989624,
    "mape": 121.45983123779297
  },
  "best_by_rmse": {
    "params": {
      "input_dim": 1,
      "hidden_dim": 64,
      "output_dim": 1,
      "seq_len": 12,
      "horizon": 12,
      "num_blocks": 3,
      "dilation_base": 2,
      "k": 2,
      "dropout": 0.1,
      "lr": 0.001,
      "weight_decay": 0.0001,
      "epochs": 200,
      "patience": 5
    },
    "test_loss": 0.2049346020535425,
    "mae": 0.21524350345134735,
    "rmse": 0.45282214879989624,
    "mape": 121.45983123779297
  },
  "best_by_mape": {
    "params": {
      "input_dim": 1,
      "hidden_dim": 64,
      "output_dim": 1,
      "seq_len": 12,
      "horizon": 12,
      "num_blocks": 3,
      "dilation_base": 2,
      "k": 2,
      "dropout": 0.1,
      "lr": 0.001,
      "weight_decay": 0.0001,
      "epochs": 200,
      "patience": 5
    },
    "test_loss": 0.2049346020535425,
    "mae": 0.21524350345134735,
    "rmse": 0.45282214879989624,
    "mape": 121.45983123779297
  },
  "all_results": [
    {
      "params": {
        "input_dim": 1,
        "hidden_dim": 64,
        "output_dim": 1,
        "seq_len": 12,
        "horizon": 12,
        "num_blocks": 3,
        "dilation_base": 2,
        "k": 2,
        "dropout": 0.1,
        "lr": 0.001,
        "weight_decay": 0.0001,
        "epochs": 200,
        "patience": 5
      },
      "test_loss": 0.2049346020535425,
      "mae": 0.21524350345134735,
      "rmse": 0.45282214879989624,
      "mape": 121.45983123779297
    }
  ]
}