{
  "timestamp": "2026-03-04T20:59:02.774961",
  "experiment_name": "pems-bay_PatchSTG_20260304_163952",
  "model": "PatchSTG",
  "total_configs": 1,
  "best_by_loss": {
    "params": {
      "input_dim": 1,
      "hidden_dim": 64,
      "output_dim": 1,
      "seq_len": 12,
      "horizon": 12,
      "patch_len": 4,
      "patch_stride": 2,
      "num_layers": 2,
      "num_heads": 4,
      "ff_multiplier": 2,
      "dropout": 0.1,
      "lr": 0.001,
      "weight_decay": 0.0001,
      "epochs": 50,
      "patience": 5
    },
    "test_loss": 0.18871854185244838,
    "mae": 0.20830927789211273,
    "rmse": 0.43454357981681824,
    "mape": 124.90058135986328
  },
  "best_by_mae": {
    "params": {
      "input_dim": 1,
      "hidden_dim": 64,
      "output_dim": 1,
      "seq_len": 12,
      "horizon": 12,
      "patch_len": 4,
      "patch_stride": 2,
      "num_layers": 2,
      "num_heads": 4,
      "ff_multiplier": 2,
      "dropout": 0.1,
      "lr": 0.001,
      "weight_decay": 0.0001,
      "epochs": 50,
      "patience": 5
    },
    "test_loss": 0.18871854185244838,
    "mae": 0.20830927789211273,
    "rmse": 0.43454357981681824,
    "mape": 124.90058135986328
  },
  "best_by_rmse": {
    "params": {
      "input_dim": 1,
      "hidden_dim": 64,
      "output_dim": 1,
      "seq_len": 12,
      "horizon": 12,
      "patch_len": 4,
      "patch_stride": 2,
      "num_layers": 2,
      "num_heads": 4,
      "ff_multiplier": 2,
      "dropout": 0.1,
      "lr": 0.001,
      "weight_decay": 0.0001,
      "epochs": 50,
      "patience": 5
    },
    "test_loss": 0.18871854185244838,
    "mae": 0.20830927789211273,
    "rmse": 0.43454357981681824,
    "mape": 124.90058135986328
  },
  "best_by_mape": {
    "params": {
      "input_dim": 1,
      "hidden_dim": 64,
      "output_dim": 1,
      "seq_len": 12,
      "horizon": 12,
      "patch_len": 4,
      "patch_stride": 2,
      "num_layers": 2,
      "num_heads": 4,
      "ff_multiplier": 2,
      "dropout": 0.1,
      "lr": 0.001,
      "weight_decay": 0.0001,
      "epochs": 50,
      "patience": 5
    },
    "test_loss": 0.18871854185244838,
    "mae": 0.20830927789211273,
    "rmse": 0.43454357981681824,
    "mape": 124.90058135986328
  },
  "all_results": [
    {
      "params": {
        "input_dim": 1,
        "hidden_dim": 64,
        "output_dim": 1,
        "seq_len": 12,
        "horizon": 12,
        "patch_len": 4,
        "patch_stride": 2,
        "num_layers": 2,
        "num_heads": 4,
        "ff_multiplier": 2,
        "dropout": 0.1,
        "lr": 0.001,
        "weight_decay": 0.0001,
        "epochs": 50,
        "patience": 5
      },
      "test_loss": 0.18871854185244838,
      "mae": 0.20830927789211273,
      "rmse": 0.43454357981681824,
      "mape": 124.90058135986328
    }
  ]
}