{
  "timestamp": "2026-03-06T15:20:52.748051",
  "experiment_name": "pems-bay_DCRNN_20260306_142338",
  "model": "DCRNN",
  "total_configs": 1,
  "best_by_loss": {
    "params": {
      "input_dim": 1,
      "hidden_dim": 64,
      "output_dim": 1,
      "seq_len": 12,
      "horizon": 12,
      "k": 2,
      "dropout": 0.1,
      "lr": 0.001,
      "weight_decay": 0.0001,
      "epochs": 200,
      "patience": 5,
      "use_scheduled_sampling": false,
      "teacher_forcing_ratio": 0.5
    },
    "test_loss": 0.2859407310129976,
    "mae": 0.28599652647972107,
    "rmse": 0.5348814725875854,
    "mape": 169.68814086914062
  },
  "best_by_mae": {
    "params": {
      "input_dim": 1,
      "hidden_dim": 64,
      "output_dim": 1,
      "seq_len": 12,
      "horizon": 12,
      "k": 2,
      "dropout": 0.1,
      "lr": 0.001,
      "weight_decay": 0.0001,
      "epochs": 200,
      "patience": 5,
      "use_scheduled_sampling": false,
      "teacher_forcing_ratio": 0.5
    },
    "test_loss": 0.2859407310129976,
    "mae": 0.28599652647972107,
    "rmse": 0.5348814725875854,
    "mape": 169.68814086914062
  },
  "best_by_rmse": {
    "params": {
      "input_dim": 1,
      "hidden_dim": 64,
      "output_dim": 1,
      "seq_len": 12,
      "horizon": 12,
      "k": 2,
      "dropout": 0.1,
      "lr": 0.001,
      "weight_decay": 0.0001,
      "epochs": 200,
      "patience": 5,
      "use_scheduled_sampling": false,
      "teacher_forcing_ratio": 0.5
    },
    "test_loss": 0.2859407310129976,
    "mae": 0.28599652647972107,
    "rmse": 0.5348814725875854,
    "mape": 169.68814086914062
  },
  "best_by_mape": {
    "params": {
      "input_dim": 1,
      "hidden_dim": 64,
      "output_dim": 1,
      "seq_len": 12,
      "horizon": 12,
      "k": 2,
      "dropout": 0.1,
      "lr": 0.001,
      "weight_decay": 0.0001,
      "epochs": 200,
      "patience": 5,
      "use_scheduled_sampling": false,
      "teacher_forcing_ratio": 0.5
    },
    "test_loss": 0.2859407310129976,
    "mae": 0.28599652647972107,
    "rmse": 0.5348814725875854,
    "mape": 169.68814086914062
  },
  "all_results": [
    {
      "params": {
        "input_dim": 1,
        "hidden_dim": 64,
        "output_dim": 1,
        "seq_len": 12,
        "horizon": 12,
        "k": 2,
        "dropout": 0.1,
        "lr": 0.001,
        "weight_decay": 0.0001,
        "epochs": 200,
        "patience": 5,
        "use_scheduled_sampling": false,
        "teacher_forcing_ratio": 0.5
      },
      "test_loss": 0.2859407310129976,
      "mae": 0.28599652647972107,
      "rmse": 0.5348814725875854,
      "mape": 169.68814086914062
    }
  ]
}