{
  "mae": 2.0312163829803467,
  "rmse": 4.273210525512695,
  "mape": 111905.8125
}