{
  "mae": 2.2259175777435303,
  "rmse": 4.841585159301758,
  "mape": 111664.6640625
}