{
  "mae": 2.117776870727539,
  "rmse": 4.2938995361328125,
  "mape": 111362.625
}