{
  "mae": 2.6810200214385986,
  "rmse": 5.004247665405273,
  "mape": 112103.7578125
}