graph_name,dataset,role,source_path,num_nodes,num_edges,density,average_degree,average_strength,edge_weight_mean,edge_weight_median,edge_weight_std,edge_weight_min,edge_weight_max,average_clustering,average_weighted_clustering,transitivity,local_efficiency_mean,edge_overlap_mean,is_connected,num_connected_components,giant_component_size,giant_component_ratio,node_connectivity_gcc,edge_connectivity_gcc,degree_assortativity,num_communities,modularity,largest_community_size,largest_community_ratio,avg_path_length_gcc,median_path_length_gcc,p90_path_length_gcc,diameter_gcc,avg_weighted_distance_gcc,global_efficiency
pems-bay-by-disp_fil-with-alpah_filter0_8,pems-bay,backbone,/home/suleimane/master/main/master-main/data/GraphML/pems-bay-by-disp_fil-with-alpah_filter0_8.GraphML,325,2037,0.03868945868945869,12.535384615384615,6.754221097230912,0.5388124341188135,0.5157486200332642,0.29940757328692197,0.100204698741436,0.9999991655349731,0.6755890986717585,0.3752827186534082,0.650169585381048,0.8144222194047048,0.5249689002064396,False,7,319,0.9815384615384616,1.0,1.0,0.5761630885252629,19,0.8204560787080065,67,0.20615384615384616,5.258689694603813,5.0,8.0,13.0,15.685313096709681,0.23915648338167084
pems-bay,pems-bay,original,/home/suleimane/master/main/master-main/data/GraphML/pems-bay.GraphML,325,2079,0.03948717948717949,12.793846153846154,6.782441039543886,0.5301330778864268,0.5085046887397766,0.3024704482391964,0.10002011805772781,0.9999991655349731,0.67370964210499,0.36636250565788214,0.6494298859771954,0.8129606394965084,0.5242426334344882,False,7,319,0.9815384615384616,1.0,1.0,0.5695754396245535,19,0.8198383044484713,67,0.20615384615384616,5.161570158317068,5.0,8.0,13.0,15.547299238527271,0.24234533910758127
