{
  "timestamp": "2026-04-08T04:57:44.459360",
  "experiment_name": "original_pems-bay_STICformer_08_04_2026-00h_18-epoch_2",
  "model": "STICformer",
  "dataset": "pems-bay",
  "selection_metric": "val_mae",
  "seeds": [
    42
  ],
  "trial_results_file": "results/original/json/original_pems-bay_STICformer_08_04_2026-00h_18-epoch_2_trial_results.json",
  "config_summaries_file": "results/original/json/original_pems-bay_STICformer_08_04_2026-00h_18-epoch_2_config_summaries.json",
  "selected_config": {
    "params": {
      "input_dim": 1,
      "hidden_dim": 64,
      "output_dim": 1,
      "seq_len": 12,
      "horizon": 12,
      "num_layers": 2,
      "num_heads": 4,
      "ff_multiplier": 2,
      "dropout": 0.1,
      "lr": 0.001,
      "weight_decay": 0.0001,
      "epochs": 2,
      "patience": 5
    },
    "num_completed_seeds": 1,
    "seeds": [
      42
    ],
    "val_mae_mean": 2.317850351333618,
    "val_mae_std": 0.0,
    "val_mae_ci95_low": 2.317850351333618,
    "val_mae_ci95_high": 2.317850351333618,
    "val_mae_min": 2.317850351333618,
    "val_mae_max": 2.317850351333618,
    "val_mae_n": 1,
    "val_rmse_mean": 4.917978763580322,
    "val_rmse_std": 0.0,
    "val_rmse_ci95_low": 4.917978763580322,
    "val_rmse_ci95_high": 4.917978763580322,
    "val_rmse_min": 4.917978763580322,
    "val_rmse_max": 4.917978763580322,
    "val_rmse_n": 1,
    "val_mape_mean": 134769.671875,
    "val_mape_std": 0.0,
    "val_mape_ci95_low": 134769.671875,
    "val_mape_ci95_high": 134769.671875,
    "val_mape_min": 134769.671875,
    "val_mape_max": 134769.671875,
    "val_mape_n": 1,
    "val_smape_mean": 4.795006275177002,
    "val_smape_std": 0.0,
    "val_smape_ci95_low": 4.795006275177002,
    "val_smape_ci95_high": 4.795006275177002,
    "val_smape_min": 4.795006275177002,
    "val_smape_max": 4.795006275177002,
    "val_smape_n": 1,
    "val_wape_mean": 3.732154607772827,
    "val_wape_std": 0.0,
    "val_wape_ci95_low": 3.732154607772827,
    "val_wape_ci95_high": 3.732154607772827,
    "val_wape_min": 3.732154607772827,
    "val_wape_max": 3.732154607772827,
    "val_wape_n": 1,
    "val_loss_normalized_mean": 0.27682510656645387,
    "val_loss_normalized_std": 0.0,
    "val_loss_normalized_ci95_low": 0.27682510656645387,
    "val_loss_normalized_ci95_high": 0.27682510656645387,
    "val_loss_normalized_min": 0.27682510656645387,
    "val_loss_normalized_max": 0.27682510656645387,
    "val_loss_normalized_n": 1
  }
}