{
  "timestamp": "2026-04-06T21:22:50.726563",
  "experiment_name": "original_pems-bay_GraphWaveNet_06_04_2026-20h_02-epoch_1",
  "model": "GraphWaveNet",
  "dataset": "pems-bay",
  "selection_metric": "val_mae",
  "seeds": [
    42
  ],
  "search_trial_results_file": "results/original/json/original_pems-bay_GraphWaveNet_06_04_2026-20h_02-epoch_1_trial_results.json",
  "final_test_results_file": "results/original/json/original_pems-bay_GraphWaveNet_06_04_2026-20h_02-epoch_1_final_test_results.json",
  "config_summaries": [
    {
      "params": {
        "input_dim": 1,
        "hidden_dim": 64,
        "output_dim": 1,
        "seq_len": 12,
        "horizon": 12,
        "num_blocks": 3,
        "dilation_base": 2,
        "k": 2,
        "dropout": 0.1,
        "lr": 0.001,
        "weight_decay": 0.0001,
        "epochs": 1,
        "patience": 5
      },
      "num_completed_seeds": 1,
      "seeds": [
        42
      ],
      "val_mae_mean": 2.4541923999786377,
      "val_mae_std": 0.0,
      "val_mae_ci95_low": 2.4541923999786377,
      "val_mae_ci95_high": 2.4541923999786377,
      "val_mae_min": 2.4541923999786377,
      "val_mae_max": 2.4541923999786377,
      "val_mae_n": 1,
      "val_rmse_mean": 5.003150463104248,
      "val_rmse_std": 0.0,
      "val_rmse_ci95_low": 5.003150463104248,
      "val_rmse_ci95_high": 5.003150463104248,
      "val_rmse_min": 5.003150463104248,
      "val_rmse_max": 5.003150463104248,
      "val_rmse_n": 1,
      "val_mape_mean": 134842.24853515625,
      "val_mape_std": 0.0,
      "val_mape_ci95_low": 134842.24853515625,
      "val_mape_ci95_high": 134842.24853515625,
      "val_mape_min": 134842.24853515625,
      "val_mape_max": 134842.24853515625,
      "val_mape_n": 1,
      "val_smape_mean": 5.070510506629944,
      "val_smape_std": 0.0,
      "val_smape_ci95_low": 5.070510506629944,
      "val_smape_ci95_high": 5.070510506629944,
      "val_smape_min": 5.070510506629944,
      "val_smape_max": 5.070510506629944,
      "val_smape_n": 1,
      "val_wape_mean": 3.951689504347341,
      "val_wape_std": 0.0,
      "val_wape_ci95_low": 3.951689504347341,
      "val_wape_ci95_high": 3.951689504347341,
      "val_wape_min": 3.951689504347341,
      "val_wape_max": 3.951689504347341,
      "val_wape_n": 1,
      "val_loss_normalized_mean": 0.2817004354355427,
      "val_loss_normalized_std": 0.0,
      "val_loss_normalized_ci95_low": 0.2817004354355427,
      "val_loss_normalized_ci95_high": 0.2817004354355427,
      "val_loss_normalized_min": 0.2817004354355427,
      "val_loss_normalized_max": 0.2817004354355427,
      "val_loss_normalized_n": 1
    }
  ],
  "selected_config": {
    "params": {
      "input_dim": 1,
      "hidden_dim": 64,
      "output_dim": 1,
      "seq_len": 12,
      "horizon": 12,
      "num_blocks": 3,
      "dilation_base": 2,
      "k": 2,
      "dropout": 0.1,
      "lr": 0.001,
      "weight_decay": 0.0001,
      "epochs": 1,
      "patience": 5
    },
    "num_completed_seeds": 1,
    "seeds": [
      42
    ],
    "val_mae_mean": 2.4541923999786377,
    "val_mae_std": 0.0,
    "val_mae_ci95_low": 2.4541923999786377,
    "val_mae_ci95_high": 2.4541923999786377,
    "val_mae_min": 2.4541923999786377,
    "val_mae_max": 2.4541923999786377,
    "val_mae_n": 1,
    "val_rmse_mean": 5.003150463104248,
    "val_rmse_std": 0.0,
    "val_rmse_ci95_low": 5.003150463104248,
    "val_rmse_ci95_high": 5.003150463104248,
    "val_rmse_min": 5.003150463104248,
    "val_rmse_max": 5.003150463104248,
    "val_rmse_n": 1,
    "val_mape_mean": 134842.24853515625,
    "val_mape_std": 0.0,
    "val_mape_ci95_low": 134842.24853515625,
    "val_mape_ci95_high": 134842.24853515625,
    "val_mape_min": 134842.24853515625,
    "val_mape_max": 134842.24853515625,
    "val_mape_n": 1,
    "val_smape_mean": 5.070510506629944,
    "val_smape_std": 0.0,
    "val_smape_ci95_low": 5.070510506629944,
    "val_smape_ci95_high": 5.070510506629944,
    "val_smape_min": 5.070510506629944,
    "val_smape_max": 5.070510506629944,
    "val_smape_n": 1,
    "val_wape_mean": 3.951689504347341,
    "val_wape_std": 0.0,
    "val_wape_ci95_low": 3.951689504347341,
    "val_wape_ci95_high": 3.951689504347341,
    "val_wape_min": 3.951689504347341,
    "val_wape_max": 3.951689504347341,
    "val_wape_n": 1,
    "val_loss_normalized_mean": 0.2817004354355427,
    "val_loss_normalized_std": 0.0,
    "val_loss_normalized_ci95_low": 0.2817004354355427,
    "val_loss_normalized_ci95_high": 0.2817004354355427,
    "val_loss_normalized_min": 0.2817004354355427,
    "val_loss_normalized_max": 0.2817004354355427,
    "val_loss_normalized_n": 1
  },
  "final_summary": {
    "timestamp": "2026-04-06T21:22:50.721860",
    "experiment_name": "original_pems-bay_GraphWaveNet_06_04_2026-20h_02-epoch_1",
    "model": "GraphWaveNet",
    "dataset": "pems-bay",
    "selection_metric": "val_mae",
    "selected_params": {
      "input_dim": 1,
      "hidden_dim": 64,
      "output_dim": 1,
      "seq_len": 12,
      "horizon": 12,
      "num_blocks": 3,
      "dilation_base": 2,
      "k": 2,
      "dropout": 0.1,
      "lr": 0.001,
      "weight_decay": 0.0001,
      "epochs": 1,
      "patience": 5
    },
    "selected_num_completed_seeds": 1,
    "final_num_completed_seeds": 1,
    "test_mae_mean": 2.269382953643799,
    "test_mae_std": 0.0,
    "test_mae_ci95_low": 2.269382953643799,
    "test_mae_ci95_high": 2.269382953643799,
    "test_mae_min": 2.269382953643799,
    "test_mae_max": 2.269382953643799,
    "test_mae_n": 1,
    "test_rmse_mean": 4.601321697235107,
    "test_rmse_std": 0.0,
    "test_rmse_ci95_low": 4.601321697235107,
    "test_rmse_ci95_high": 4.601321697235107,
    "test_rmse_min": 4.601321697235107,
    "test_rmse_max": 4.601321697235107,
    "test_rmse_n": 1,
    "test_mape_mean": 112024.0478515625,
    "test_mape_std": 0.0,
    "test_mape_ci95_low": 112024.0478515625,
    "test_mape_ci95_high": 112024.0478515625,
    "test_mape_min": 112024.0478515625,
    "test_mape_max": 112024.0478515625,
    "test_mape_n": 1,
    "test_smape_mean": 4.575242847204208,
    "test_smape_std": 0.0,
    "test_smape_ci95_low": 4.575242847204208,
    "test_smape_ci95_high": 4.575242847204208,
    "test_smape_min": 4.575242847204208,
    "test_smape_max": 4.575242847204208,
    "test_smape_n": 1,
    "test_wape_mean": 3.633259455327239,
    "test_wape_std": 0.0,
    "test_wape_ci95_low": 3.633259455327239,
    "test_wape_ci95_high": 3.633259455327239,
    "test_wape_min": 3.633259455327239,
    "test_wape_max": 3.633259455327239,
    "test_wape_n": 1,
    "test_loss_normalized_mean": 0.23745539401888208,
    "test_loss_normalized_std": 0.0,
    "test_loss_normalized_ci95_low": 0.23745539401888208,
    "test_loss_normalized_ci95_high": 0.23745539401888208,
    "test_loss_normalized_min": 0.23745539401888208,
    "test_loss_normalized_max": 0.23745539401888208,
    "test_loss_normalized_n": 1,
    "selected_config_summary": {
      "params": {
        "input_dim": 1,
        "hidden_dim": 64,
        "output_dim": 1,
        "seq_len": 12,
        "horizon": 12,
        "num_blocks": 3,
        "dilation_base": 2,
        "k": 2,
        "dropout": 0.1,
        "lr": 0.001,
        "weight_decay": 0.0001,
        "epochs": 1,
        "patience": 5
      },
      "num_completed_seeds": 1,
      "seeds": [
        42
      ],
      "val_mae_mean": 2.4541923999786377,
      "val_mae_std": 0.0,
      "val_mae_ci95_low": 2.4541923999786377,
      "val_mae_ci95_high": 2.4541923999786377,
      "val_mae_min": 2.4541923999786377,
      "val_mae_max": 2.4541923999786377,
      "val_mae_n": 1,
      "val_rmse_mean": 5.003150463104248,
      "val_rmse_std": 0.0,
      "val_rmse_ci95_low": 5.003150463104248,
      "val_rmse_ci95_high": 5.003150463104248,
      "val_rmse_min": 5.003150463104248,
      "val_rmse_max": 5.003150463104248,
      "val_rmse_n": 1,
      "val_mape_mean": 134842.24853515625,
      "val_mape_std": 0.0,