{
  "timestamp": "2026-04-08T07:26:47.045529",
  "experiment_name": "original_metr-la_PatchSTG_08_04_2026-00h_18-epoch_2",
  "model": "PatchSTG",
  "dataset": "metr-la",
  "selection_metric": "val_mae",
  "seeds": [
    42
  ],
  "trial_results_file": "results/original/json/original_metr-la_PatchSTG_08_04_2026-00h_18-epoch_2_trial_results.json",
  "config_summaries_file": "results/original/json/original_metr-la_PatchSTG_08_04_2026-00h_18-epoch_2_config_summaries.json",
  "selected_config": {
    "params": {
      "input_dim": 1,
      "hidden_dim": 64,
      "output_dim": 1,
      "seq_len": 12,
      "horizon": 12,
      "patch_len": 4,
      "patch_stride": 2,
      "num_layers": 2,
      "num_heads": 4,
      "ff_multiplier": 2,
      "dropout": 0.1,
      "lr": 0.001,
      "weight_decay": 0.0001,
      "epochs": 2,
      "patience": 5
    },
    "num_completed_seeds": 1,
    "seeds": [
      42
    ],
    "val_mae_mean": 6.022737979888916,
    "val_mae_std": 0.0,
    "val_mae_ci95_low": 6.022737979888916,
    "val_mae_ci95_high": 6.022737979888916,
    "val_mae_min": 6.022737979888916,
    "val_mae_max": 6.022737979888916,
    "val_mae_n": 1,
    "val_rmse_mean": 11.01844596862793,
    "val_rmse_std": 0.0,
    "val_rmse_ci95_low": 11.01844596862793,
    "val_rmse_ci95_high": 11.01844596862793,
    "val_rmse_min": 11.01844596862793,
    "val_rmse_max": 11.01844596862793,
    "val_rmse_n": 1,
    "val_mape_mean": 11086100480.0,
    "val_mape_std": 0.0,
    "val_mape_ci95_low": 11086100480.0,
    "val_mape_ci95_high": 11086100480.0,
    "val_mape_min": 11086100480.0,
    "val_mape_max": 11086100480.0,
    "val_mape_n": 1,
    "val_smape_mean": 24.670656204223633,
    "val_smape_std": 0.0,
    "val_smape_ci95_low": 24.670656204223633,
    "val_smape_ci95_high": 24.670656204223633,
    "val_smape_min": 24.670656204223633,
    "val_smape_max": 24.670656204223633,
    "val_smape_n": 1,
    "val_wape_mean": 10.982344627380371,
    "val_wape_std": 0.0,
    "val_wape_ci95_low": 10.982344627380371,
    "val_wape_ci95_high": 10.982344627380371,
    "val_wape_min": 10.982344627380371,
    "val_wape_max": 10.982344627380371,
    "val_wape_n": 1,
    "val_loss_normalized_mean": 0.3170668167510518,
    "val_loss_normalized_std": 0.0,
    "val_loss_normalized_ci95_low": 0.3170668167510518,
    "val_loss_normalized_ci95_high": 0.3170668167510518,
    "val_loss_normalized_min": 0.3170668167510518,
    "val_loss_normalized_max": 0.3170668167510518,
    "val_loss_normalized_n": 1
  }
}