graph_name,dataset,role,source_path,num_nodes,num_edges,density,average_degree,average_strength,edge_weight_mean,edge_weight_median,edge_weight_std,edge_weight_min,edge_weight_max,average_clustering,average_weighted_clustering,transitivity,local_efficiency_mean,edge_overlap_mean,is_connected,num_connected_components,giant_component_size,giant_component_ratio,node_connectivity_gcc,edge_connectivity_gcc,degree_assortativity,num_communities,modularity,largest_community_size,largest_community_ratio,avg_path_length_gcc,median_path_length_gcc,p90_path_length_gcc,diameter_gcc,avg_weighted_distance_gcc,global_efficiency
pems-bay-by-nois_corr-with-alpah_filter0_4,pems-bay,backbone,/home/varlson/master/main/master-main/data/GraphML/pems-bay-by-nois_corr-with-alpah_filter0_4.GraphML,325,1921,0.036486229819563155,11.821538461538461,6.61091343820095,0.5592261497697316,0.5496975183486938,0.2947505008022765,0.10002011805772781,0.9999991655349731,0.6635661040256234,0.379406491984409,0.6333838652845495,0.8067285160424923,0.5088144565405018,False,7,319,0.9815384615384616,1.0,1.0,0.5238811505329551,19,0.8259855152716503,67,0.20615384615384616,5.375623509000217,5.0,8.0,13.0,15.547547971953225,0.23305804135729632
pems-bay,pems-bay,original,/home/varlson/master/main/master-main/data/GraphML/pems-bay.GraphML,325,2079,0.03948717948717949,12.793846153846154,6.782441039543886,0.5301330778864268,0.5085046887397766,0.3024704482391964,0.10002011805772781,0.9999991655349731,0.67370964210499,0.36636250565788214,0.6494298859771954,0.8129606394965085,0.5242426334344882,False,7,319,0.9815384615384616,1.0,1.0,0.5695754396245535,19,0.8198383044484713,67,0.20615384615384616,5.161570158317068,5.0,8.0,13.0,15.547299238527271,0.24234533910758127
