dataset,graph_name,strategy,auc_lcc_mean,auc_lcc_std,auc_efficiency_mean,auc_efficiency_std
metr-la,metr-la,random,0.4558212560386473,0.01381509721142895,0.7233153746192402,0.03650405509531177
metr-la,metr-la,targeted_degree,0.38768115942028997,,0.43828831742621865,
metr-la,metr-la-by-high_sal-with-alpah_filter0_4,random,0.08241071428571428,0.01587639472966054,0.42735922044665803,0.07819262727706995
metr-la,metr-la-by-high_sal-with-alpah_filter0_4,targeted_degree,0.030357142857142853,,0.09315558174789512,
