graph_name,dataset,role,source_path,num_nodes,num_edges,density,average_degree,average_strength,edge_weight_mean,edge_weight_median,edge_weight_std,edge_weight_min,edge_weight_max,average_clustering,average_weighted_clustering,transitivity,local_efficiency_mean,edge_overlap_mean,is_connected,num_connected_components,giant_component_size,giant_component_ratio,node_connectivity_gcc,edge_connectivity_gcc,degree_assortativity,num_communities,modularity,largest_community_size,largest_community_ratio,avg_path_length_gcc,median_path_length_gcc,p90_path_length_gcc,diameter_gcc,avg_weighted_distance_gcc,global_efficiency
pems-bay-by-disp_fil-with-alpah_filter0_4,pems-bay,backbone,/home/suleimane/master/main/master-main/data/GraphML/pems-bay-by-disp_fil-with-alpah_filter0_4.GraphML,325,1129,0.02144349477682811,6.947692307692308,5.354593812685747,0.7707010580703576,0.7994903326034546,0.17705054055440442,0.25169095396995544,0.9999991655349731,0.6679031436135509,0.5315686722784921,0.681021647004925,0.784306595700261,0.5330428979451923,False,10,309,0.9507692307692308,1.0,1.0,0.7719553002047795,26,0.8673822503176596,48,0.1476923076923077,13.973479594838818,12.0,27.0,41.0,22.70524038075398,0.11951238759854849
pems-bay,pems-bay,original,/home/suleimane/master/main/master-main/data/GraphML/pems-bay.GraphML,325,2079,0.03948717948717949,12.793846153846154,6.782441039543886,0.5301330778864268,0.5085046887397766,0.3024704482391964,0.10002011805772781,0.9999991655349731,0.67370964210499,0.36636250565788214,0.6494298859771954,0.8129606394965085,0.5242426334344882,False,7,319,0.9815384615384616,1.0,1.0,0.5695754396245535,19,0.8198383044484713,67,0.20615384615384616,5.161570158317068,5.0,8.0,13.0,15.547299238527271,0.24234533910758127
