graph_name,dataset,role,source_path,num_nodes,num_edges,density,average_degree,average_strength,edge_weight_mean,edge_weight_median,edge_weight_std,edge_weight_min,edge_weight_max,average_clustering,average_weighted_clustering,transitivity,local_efficiency_mean,edge_overlap_mean,is_connected,num_connected_components,giant_component_size,giant_component_ratio,node_connectivity_gcc,edge_connectivity_gcc,degree_assortativity,num_communities,modularity,largest_community_size,largest_community_ratio,avg_path_length_gcc,median_path_length_gcc,p90_path_length_gcc,diameter_gcc,avg_weighted_distance_gcc,global_efficiency
metr-la-by-disp_fil-with-alpah_filter0_1,metr-la,backbone,/home/varlson/master/main/master-main/data/GraphML/metr-la-by-disp_fil-with-alpah_filter0_1.GraphML,138,17,0.0017983708875489264,0.2463768115942029,0.23462627763333527,0.9523066562764785,0.9532668590545654,0.03456420083381944,0.8599469661712646,0.9995439648628235,0.0,0.0,0.0,0.0,0.0,False,121,3,0.021739130434782608,1.0,1.0,-0.21428571428571527,121,0.9202291068580581,3,0.021739130434782608,1.3333333333333333,1.0,1.8,2.0,1.381517943982996,0.0019570506717444197
metr-la,metr-la,original,/home/varlson/master/main/master-main/data/GraphML/metr-la.GraphML,207,1313,0.061582477369729376,12.68599033816425,5.144801216424951,0.4055498293221496,0.3212842345237732,0.2664214215354655,0.10008397698402405,0.9998319149017334,0.5484908174323528,0.22063398549839594,0.5510989624009818,0.7472739491051362,0.3876396025686644,False,2,206,0.9951690821256038,2.0,2.0,0.46162532528411615,8,0.6978109147260045,53,0.2560386473429952,5.063746152024627,5.0,9.0,13.0,15.559703731966676,0.27886506280697293
