dataset,graph_name,strategy,auc_lcc_mean,auc_lcc_std,auc_efficiency_mean,auc_efficiency_std
metr-la,metr-la,random,0.4558212560386473,0.01381509721142895,0.7233153746192402,0.03650405509531177
metr-la,metr-la,targeted_degree,0.38768115942028997,,0.43828831742621865,
metr-la,metr-la-by-disp_fil-with-alpah_filter0_4,random,0.2981400966183575,0.03483862609136828,0.4848702532153727,0.05185314282889411
metr-la,metr-la-by-disp_fil-with-alpah_filter0_4,targeted_degree,0.1788647342995169,,0.20194455550666612,
