{
  "timestamp": "2026-03-04T01:35:27.099326",
  "experiment_name": "metr-la_DGCRN_20260303_202038",
  "model": "DGCRN",
  "total_configs": 1,
  "best_by_loss": {
    "params": {
      "input_dim": 1,
      "hidden_dim": 64,
      "output_dim": 1,
      "seq_len": 12,
      "horizon": 12,
      "node_dim": 16,
      "gcn_depth": 2,
      "dropout": 0.1,
      "lr": 0.001,
      "weight_decay": 0.0001,
      "epochs": 30,
      "patience": 5
    },
    "test_loss": 0.39611895515450407,
    "mae": 0.2892377972602844,
    "rmse": 0.6293798089027405,
    "mape": 123.01038360595703
  },
  "best_by_mae": {
    "params": {
      "input_dim": 1,
      "hidden_dim": 64,
      "output_dim": 1,
      "seq_len": 12,
      "horizon": 12,
      "node_dim": 16,
      "gcn_depth": 2,
      "dropout": 0.1,
      "lr": 0.001,
      "weight_decay": 0.0001,
      "epochs": 30,
      "patience": 5
    },
    "test_loss": 0.39611895515450407,
    "mae": 0.2892377972602844,
    "rmse": 0.6293798089027405,
    "mape": 123.01038360595703
  },
  "best_by_rmse": {
    "params": {
      "input_dim": 1,
      "hidden_dim": 64,
      "output_dim": 1,
      "seq_len": 12,
      "horizon": 12,
      "node_dim": 16,
      "gcn_depth": 2,
      "dropout": 0.1,
      "lr": 0.001,
      "weight_decay": 0.0001,
      "epochs": 30,
      "patience": 5
    },
    "test_loss": 0.39611895515450407,
    "mae": 0.2892377972602844,
    "rmse": 0.6293798089027405,
    "mape": 123.01038360595703
  },
  "best_by_mape": {
    "params": {
      "input_dim": 1,
      "hidden_dim": 64,
      "output_dim": 1,
      "seq_len": 12,
      "horizon": 12,
      "node_dim": 16,
      "gcn_depth": 2,
      "dropout": 0.1,
      "lr": 0.001,
      "weight_decay": 0.0001,
      "epochs": 30,
      "patience": 5
    },
    "test_loss": 0.39611895515450407,
    "mae": 0.2892377972602844,
    "rmse": 0.6293798089027405,
    "mape": 123.01038360595703
  },
  "all_results": [
    {
      "params": {
        "input_dim": 1,
        "hidden_dim": 64,
        "output_dim": 1,
        "seq_len": 12,
        "horizon": 12,
        "node_dim": 16,
        "gcn_depth": 2,
        "dropout": 0.1,
        "lr": 0.001,
        "weight_decay": 0.0001,
        "epochs": 30,
        "patience": 5
      },
      "test_loss": 0.39611895515450407,
      "mae": 0.2892377972602844,
      "rmse": 0.6293798089027405,
      "mape": 123.01038360595703
    }
  ]
}