{
  "timestamp": "2026-03-04T01:50:11.469564",
  "total_experiments": 6,
  "successful_experiments": 6,
  "primary_metric": "MAE",
  "experiments": [
    {
      "experiment_name": "metr-la_DCRNN_20260303_202038",
      "model": "DCRNN",
      "dataset": "metr-la",
      "metadata": {
        "run_id": "20260303_202038",
        "device": "cuda",
        "num_nodes": 207,
        "seq_len": 12,
        "horizon": 12,
        "batch_size": 8,
        "normalization_stats": {
          "method": "zscore",
          "mean": 54.40591191569834,
          "std": 19.494251201218937
        },
        "total_configs": 1,
        "best_result": {
          "params": {
            "input_dim": 1,
            "hidden_dim": 64,
            "output_dim": 1,
            "seq_len": 12,
            "horizon": 12,
            "k": 2,
            "dropout": 0.1,
            "lr": 0.001,
            "weight_decay": 0.0001,
            "epochs": 30,
            "patience": 5,
            "use_scheduled_sampling": false,
            "teacher_forcing_ratio": 0.5
          },
          "test_loss": 0.3894392460937976,
          "mae": 0.32223647832870483,
          "rmse": 0.6240506768226624,
          "mape": 124.45487976074219
        }
      },
      "best_results": [
        {
          "Métrica": "Loss",
          "Test Loss": 0.3894392460937976,
          "MAE": 0.32223647832870483,
          "RMSE": 0.6240506768226624,
          "MAPE (%)": 124.45487976074219,
          "Params": "{'input_dim': 1, 'hidden_dim': 64, 'output_dim': 1, 'seq_len': 12, 'horizon': 12, 'k': 2, 'dropout': 0.1, 'lr': 0.001, 'weight_decay': 0.0001, 'epochs': 30, 'patience': 5, 'use_scheduled_sampling': False, 'teacher_forcing_ratio': 0.5}"
        },
        {
          "Métrica": "MAE",
          "Test Loss": 0.3894392460937976,
          "MAE": 0.32223647832870483,
          "RMSE": 0.6240506768226624,
          "MAPE (%)": 124.45487976074219,
          "Params": "{'input_dim': 1, 'hidden_dim': 64, 'output_dim': 1, 'seq_len': 12, 'horizon': 12, 'k': 2, 'dropout': 0.1, 'lr': 0.001, 'weight_decay': 0.0001, 'epochs': 30, 'patience': 5, 'use_scheduled_sampling': False, 'teacher_forcing_ratio': 0.5}"
        },
        {
          "Métrica": "RMSE",
          "Test Loss": 0.3894392460937976,
          "MAE": 0.32223647832870483,
          "RMSE": 0.6240506768226624,
          "MAPE (%)": 124.45487976074219,
          "Params": "{'input_dim': 1, 'hidden_dim': 64, 'output_dim': 1, 'seq_len': 12, 'horizon': 12, 'k': 2, 'dropout': 0.1, 'lr': 0.001, 'weight_decay': 0.0001, 'epochs': 30, 'patience': 5, 'use_scheduled_sampling': False, 'teacher_forcing_ratio': 0.5}"
        },
        {
          "Métrica": "MAPE",
          "Test Loss": 0.3894392460937976,
          "MAE": 0.32223647832870483,
          "RMSE": 0.6240506768226624,
          "MAPE (%)": 124.45487976074219,
          "Params": "{'input_dim': 1, 'hidden_dim': 64, 'output_dim': 1, 'seq_len': 12, 'horizon': 12, 'k': 2, 'dropout': 0.1, 'lr': 0.001, 'weight_decay': 0.0001, 'epochs': 30, 'patience': 5, 'use_scheduled_sampling': False, 'teacher_forcing_ratio': 0.5}"
        }
      ]
    },
    {
      "experiment_name": "metr-la_GraphWaveNet_20260303_202038",
      "model": "GraphWaveNet",
      "dataset": "metr-la",
      "metadata": {
        "run_id": "20260303_202038",
        "device": "cuda",
        "num_nodes": 207,
        "seq_len": 12,
        "horizon": 12,
        "batch_size": 8,
        "normalization_stats": {
          "method": "zscore",
          "mean": 54.40591191569834,
          "std": 19.494251201218937
        },
        "total_configs": 1,
        "best_result": {
          "params": {
            "input_dim": 1,
            "hidden_dim": 64,
            "output_dim": 1,
            "seq_len": 12,
            "horizon": 12,
            "num_blocks": 3,
            "dilation_base": 2,
            "k": 2,
            "dropout": 0.1,
            "lr": 0.001,
            "weight_decay": 0.0001,
            "epochs": 30,
            "patience": 5
          },
          "test_loss": 0.38344314520354156,
          "mae": 0.31329524517059326,
          "rmse": 0.6192278861999512,
          "mape": 111.87661743164062
        }
      },
      "best_results": [
        {
          "Métrica": "Loss",
          "Test Loss": 0.38344314520354156,
          "MAE": 0.31329524517059326,
          "RMSE": 0.6192278861999512,
          "MAPE (%)": 111.87661743164062,
          "Params": "{'input_dim': 1, 'hidden_dim': 64, 'output_dim': 1, 'seq_len': 12, 'horizon': 12, 'num_blocks': 3, 'dilation_base': 2, 'k': 2, 'dropout': 0.1, 'lr': 0.001, 'weight_decay': 0.0001, 'epochs': 30, 'patience': 5}"
        },
        {
          "Métrica": "MAE",
          "Test Loss": 0.38344314520354156,
          "MAE": 0.31329524517059326,
          "RMSE": 0.6192278861999512,
          "MAPE (%)": 111.87661743164062,
          "Params": "{'input_dim': 1, 'hidden_dim': 64, 'output_dim': 1, 'seq_len': 12, 'horizon': 12, 'num_blocks': 3, 'dilation_base': 2, 'k': 2, 'dropout': 0.1, 'lr': 0.001, 'weight_decay': 0.0001, 'epochs': 30, 'patience': 5}"
        },
        {
          "Métrica": "RMSE",
          "Test Loss": 0.38344314520354156,
          "MAE": 0.31329524517059326,
          "RMSE": 0.6192278861999512,
          "MAPE (%)": 111.87661743164062,
          "Params": "{'input_dim': 1, 'hidden_dim': 64, 'output_dim': 1, 'seq_len': 12, 'horizon': 12, 'num_blocks': 3, 'dilation_base': 2, 'k': 2, 'dropout': 0.1, 'lr': 0.001, 'weight_decay': 0.0001, 'epochs': 30, 'patience': 5}"
        },
        {
          "Métrica": "MAPE",
          "Test Loss": 0.38344314520354156,
          "MAE": 0.31329524517059326,
          "RMSE": 0.6192278861999512,
          "MAPE (%)": 111.87661743164062,
          "Params": "{'input_dim': 1, 'hidden_dim': 64, 'output_dim': 1, 'seq_len': 12, 'horizon': 12, 'num_blocks': 3, 'dilation_base': 2, 'k': 2, 'dropout': 0.1, 'lr': 0.001, 'weight_decay': 0.0001, 'epochs': 30, 'patience': 5}"
        }
      ]
    },
    {
      "experiment_name": "metr-la_MTGNN_20260303_202038",
      "model": "MTGNN",
      "dataset": "metr-la",
      "metadata": {
        "run_id": "20260303_202038",
        "device": "cuda",
        "num_nodes": 207,
        "seq_len": 12,
        "horizon": 12,
        "batch_size": 8,
        "normalization_stats": {
          "method": "zscore",
          "mean": 54.40591191569834,
          "std": 19.494251201218937
        },
        "total_configs": 1,
        "best_result": {
          "params": {
            "input_dim": 1,
            "hidden_dim": 64,
            "output_dim": 1,
            "seq_len": 12,
            "horizon": 12,
            "num_blocks": 3,
            "kernel_size": 2,
            "dilation_base": 2,
            "gcn_depth": 2,
            "propalpha": 0.05,
            "node_dim": 16,
            "dropout": 0.1,
            "lr": 0.001,
            "weight_decay": 0.0001,
            "epochs": 30,
            "patience": 5
          },
          "test_loss": 0.40278257184664107,
          "mae": 0.3433498442173004,
          "rmse": 0.6346515417098999,
          "mape": 123.82829284667969
        }
      },
      "best_results": [
        {
          "Métrica": "Loss",
          "Test Loss": 0.40278257184664107,
          "MAE": 0.3433498442173004,
          "RMSE": 0.6346515417098999,
          "MAPE (%)": 123.82829284667969,
          "Params": "{'input_dim': 1, 'hidden_dim': 64, 'output_dim': 1, 'seq_len': 12, 'horizon': 12, 'num_blocks': 3, 'kernel_size': 2, 'dilation_base': 2, 'gcn_depth': 2, 'propalpha': 0.05, 'node_dim': 16, 'dropout': 0.1, 'lr': 0.001, 'weight_decay': 0.0001, 'epochs': 30, 'patience': 5}"
        },
        {
          "Métrica": "MAE",
          "Test Loss": 0.40278257184664107,
          "MAE": 0.3433498442173004,
          "RMSE": 0.6346515417098999,
          "MAPE (%)": 123.82829284667969,