{
  "timestamp": "2026-03-04T01:44:17.465609",
  "experiment_name": "metr-la_STICformer_20260303_202038",
  "model": "STICformer",
  "total_configs": 1,
  "best_by_loss": {
    "params": {
      "input_dim": 1,
      "hidden_dim": 64,
      "output_dim": 1,
      "seq_len": 12,
      "horizon": 12,
      "num_layers": 2,
      "num_heads": 4,
      "ff_multiplier": 2,
      "dropout": 0.1,
      "lr": 0.001,
      "weight_decay": 0.0001,
      "epochs": 30,
      "patience": 5
    },
    "test_loss": 0.37546943956048207,
    "mae": 0.2917978763580322,
    "rmse": 0.6127555966377258,
    "mape": 111.02478790283203
  },
  "best_by_mae": {
    "params": {
      "input_dim": 1,
      "hidden_dim": 64,
      "output_dim": 1,
      "seq_len": 12,
      "horizon": 12,
      "num_layers": 2,
      "num_heads": 4,
      "ff_multiplier": 2,
      "dropout": 0.1,
      "lr": 0.001,
      "weight_decay": 0.0001,
      "epochs": 30,
      "patience": 5
    },
    "test_loss": 0.37546943956048207,
    "mae": 0.2917978763580322,
    "rmse": 0.6127555966377258,
    "mape": 111.02478790283203
  },
  "best_by_rmse": {
    "params": {
      "input_dim": 1,
      "hidden_dim": 64,
      "output_dim": 1,
      "seq_len": 12,
      "horizon": 12,
      "num_layers": 2,
      "num_heads": 4,
      "ff_multiplier": 2,
      "dropout": 0.1,
      "lr": 0.001,
      "weight_decay": 0.0001,
      "epochs": 30,
      "patience": 5
    },
    "test_loss": 0.37546943956048207,
    "mae": 0.2917978763580322,
    "rmse": 0.6127555966377258,
    "mape": 111.02478790283203
  },
  "best_by_mape": {
    "params": {
      "input_dim": 1,
      "hidden_dim": 64,
      "output_dim": 1,
      "seq_len": 12,
      "horizon": 12,
      "num_layers": 2,
      "num_heads": 4,
      "ff_multiplier": 2,
      "dropout": 0.1,
      "lr": 0.001,
      "weight_decay": 0.0001,
      "epochs": 30,
      "patience": 5
    },
    "test_loss": 0.37546943956048207,
    "mae": 0.2917978763580322,
    "rmse": 0.6127555966377258,
    "mape": 111.02478790283203
  },
  "all_results": [
    {
      "params": {
        "input_dim": 1,
        "hidden_dim": 64,
        "output_dim": 1,
        "seq_len": 12,
        "horizon": 12,
        "num_layers": 2,
        "num_heads": 4,
        "ff_multiplier": 2,
        "dropout": 0.1,
        "lr": 0.001,
        "weight_decay": 0.0001,
        "epochs": 30,
        "patience": 5
      },
      "test_loss": 0.37546943956048207,
      "mae": 0.2917978763580322,
      "rmse": 0.6127555966377258,
      "mape": 111.02478790283203
    }
  ]
}