{
  "timestamp": "2026-03-04T00:34:52.023664",
  "experiment_name": "metr-la_DCRNN_20260303_202038",
  "model": "DCRNN",
  "total_configs": 1,
  "best_by_loss": {
    "params": {
      "input_dim": 1,
      "hidden_dim": 64,
      "output_dim": 1,
      "seq_len": 12,
      "horizon": 12,
      "k": 2,
      "dropout": 0.1,
      "lr": 0.001,
      "weight_decay": 0.0001,
      "epochs": 30,
      "patience": 5,
      "use_scheduled_sampling": false,
      "teacher_forcing_ratio": 0.5
    },
    "test_loss": 0.3894392460937976,
    "mae": 0.32223647832870483,
    "rmse": 0.6240506768226624,
    "mape": 124.45487976074219
  },
  "best_by_mae": {
    "params": {
      "input_dim": 1,
      "hidden_dim": 64,
      "output_dim": 1,
      "seq_len": 12,
      "horizon": 12,
      "k": 2,
      "dropout": 0.1,
      "lr": 0.001,
      "weight_decay": 0.0001,
      "epochs": 30,
      "patience": 5,
      "use_scheduled_sampling": false,
      "teacher_forcing_ratio": 0.5
    },
    "test_loss": 0.3894392460937976,
    "mae": 0.32223647832870483,
    "rmse": 0.6240506768226624,
    "mape": 124.45487976074219
  },
  "best_by_rmse": {
    "params": {
      "input_dim": 1,
      "hidden_dim": 64,
      "output_dim": 1,
      "seq_len": 12,
      "horizon": 12,
      "k": 2,
      "dropout": 0.1,
      "lr": 0.001,
      "weight_decay": 0.0001,
      "epochs": 30,
      "patience": 5,
      "use_scheduled_sampling": false,
      "teacher_forcing_ratio": 0.5
    },
    "test_loss": 0.3894392460937976,
    "mae": 0.32223647832870483,
    "rmse": 0.6240506768226624,
    "mape": 124.45487976074219
  },
  "best_by_mape": {
    "params": {
      "input_dim": 1,
      "hidden_dim": 64,
      "output_dim": 1,
      "seq_len": 12,
      "horizon": 12,
      "k": 2,
      "dropout": 0.1,
      "lr": 0.001,
      "weight_decay": 0.0001,
      "epochs": 30,
      "patience": 5,
      "use_scheduled_sampling": false,
      "teacher_forcing_ratio": 0.5
    },
    "test_loss": 0.3894392460937976,
    "mae": 0.32223647832870483,
    "rmse": 0.6240506768226624,
    "mape": 124.45487976074219
  },
  "all_results": [
    {
      "params": {
        "input_dim": 1,
        "hidden_dim": 64,
        "output_dim": 1,
        "seq_len": 12,
        "horizon": 12,
        "k": 2,
        "dropout": 0.1,
        "lr": 0.001,
        "weight_decay": 0.0001,
        "epochs": 30,
        "patience": 5,
        "use_scheduled_sampling": false,
        "teacher_forcing_ratio": 0.5
      },
      "test_loss": 0.3894392460937976,
      "mae": 0.32223647832870483,
      "rmse": 0.6240506768226624,
      "mape": 124.45487976074219
    }
  ]
}