{
  "timestamp": "2026-03-03T23:23:56.239533",
  "experiment_name": "pems-bay_STICformer_20260303_202038",
  "model": "STICformer",
  "total_configs": 1,
  "best_by_loss": {
    "params": {
      "input_dim": 1,
      "hidden_dim": 64,
      "output_dim": 1,
      "seq_len": 12,
      "horizon": 12,
      "num_layers": 2,
      "num_heads": 4,
      "ff_multiplier": 2,
      "dropout": 0.1,
      "lr": 0.001,
      "weight_decay": 0.0001,
      "epochs": 30,
      "patience": 5
    },
    "test_loss": 0.19208880250831117,
    "mae": 0.20184753835201263,
    "rmse": 0.43840715289115906,
    "mape": 118.67691040039062
  },
  "best_by_mae": {
    "params": {
      "input_dim": 1,
      "hidden_dim": 64,
      "output_dim": 1,
      "seq_len": 12,
      "horizon": 12,
      "num_layers": 2,
      "num_heads": 4,
      "ff_multiplier": 2,
      "dropout": 0.1,
      "lr": 0.001,
      "weight_decay": 0.0001,
      "epochs": 30,
      "patience": 5
    },
    "test_loss": 0.19208880250831117,
    "mae": 0.20184753835201263,
    "rmse": 0.43840715289115906,
    "mape": 118.67691040039062
  },
  "best_by_rmse": {
    "params": {
      "input_dim": 1,
      "hidden_dim": 64,
      "output_dim": 1,
      "seq_len": 12,
      "horizon": 12,
      "num_layers": 2,
      "num_heads": 4,
      "ff_multiplier": 2,
      "dropout": 0.1,
      "lr": 0.001,
      "weight_decay": 0.0001,
      "epochs": 30,
      "patience": 5
    },
    "test_loss": 0.19208880250831117,
    "mae": 0.20184753835201263,
    "rmse": 0.43840715289115906,
    "mape": 118.67691040039062
  },
  "best_by_mape": {
    "params": {
      "input_dim": 1,
      "hidden_dim": 64,
      "output_dim": 1,
      "seq_len": 12,
      "horizon": 12,
      "num_layers": 2,
      "num_heads": 4,
      "ff_multiplier": 2,
      "dropout": 0.1,
      "lr": 0.001,
      "weight_decay": 0.0001,
      "epochs": 30,
      "patience": 5
    },
    "test_loss": 0.19208880250831117,
    "mae": 0.20184753835201263,
    "rmse": 0.43840715289115906,
    "mape": 118.67691040039062
  },
  "all_results": [
    {
      "params": {
        "input_dim": 1,
        "hidden_dim": 64,
        "output_dim": 1,
        "seq_len": 12,
        "horizon": 12,
        "num_layers": 2,
        "num_heads": 4,
        "ff_multiplier": 2,
        "dropout": 0.1,
        "lr": 0.001,
        "weight_decay": 0.0001,
        "epochs": 30,
        "patience": 5
      },
      "test_loss": 0.19208880250831117,
      "mae": 0.20184753835201263,
      "rmse": 0.43840715289115906,
      "mape": 118.67691040039062
    }
  ]
}