{
  "timestamp": "2026-03-03T23:39:39.020687",
  "experiment_name": "pems-bay_PatchSTG_20260303_202038",
  "model": "PatchSTG",
  "total_configs": 1,
  "best_by_loss": {
    "params": {
      "input_dim": 1,
      "hidden_dim": 64,
      "output_dim": 1,
      "seq_len": 12,
      "horizon": 12,
      "patch_len": 4,
      "patch_stride": 2,
      "num_layers": 2,
      "num_heads": 4,
      "ff_multiplier": 2,
      "dropout": 0.1,
      "lr": 0.001,
      "weight_decay": 0.0001,
      "epochs": 30,
      "patience": 5
    },
    "test_loss": 0.18843649721974298,
    "mae": 0.20740453898906708,
    "rmse": 0.4342145621776581,
    "mape": 122.89044952392578
  },
  "best_by_mae": {
    "params": {
      "input_dim": 1,
      "hidden_dim": 64,
      "output_dim": 1,
      "seq_len": 12,
      "horizon": 12,
      "patch_len": 4,
      "patch_stride": 2,
      "num_layers": 2,
      "num_heads": 4,
      "ff_multiplier": 2,
      "dropout": 0.1,
      "lr": 0.001,
      "weight_decay": 0.0001,
      "epochs": 30,
      "patience": 5
    },
    "test_loss": 0.18843649721974298,
    "mae": 0.20740453898906708,
    "rmse": 0.4342145621776581,
    "mape": 122.89044952392578
  },
  "best_by_rmse": {
    "params": {
      "input_dim": 1,
      "hidden_dim": 64,
      "output_dim": 1,
      "seq_len": 12,
      "horizon": 12,
      "patch_len": 4,
      "patch_stride": 2,
      "num_layers": 2,
      "num_heads": 4,
      "ff_multiplier": 2,
      "dropout": 0.1,
      "lr": 0.001,
      "weight_decay": 0.0001,
      "epochs": 30,
      "patience": 5
    },
    "test_loss": 0.18843649721974298,
    "mae": 0.20740453898906708,
    "rmse": 0.4342145621776581,
    "mape": 122.89044952392578
  },
  "best_by_mape": {
    "params": {
      "input_dim": 1,
      "hidden_dim": 64,
      "output_dim": 1,
      "seq_len": 12,
      "horizon": 12,
      "patch_len": 4,
      "patch_stride": 2,
      "num_layers": 2,
      "num_heads": 4,
      "ff_multiplier": 2,
      "dropout": 0.1,
      "lr": 0.001,
      "weight_decay": 0.0001,
      "epochs": 30,
      "patience": 5
    },
    "test_loss": 0.18843649721974298,
    "mae": 0.20740453898906708,
    "rmse": 0.4342145621776581,
    "mape": 122.89044952392578
  },
  "all_results": [
    {
      "params": {
        "input_dim": 1,
        "hidden_dim": 64,
        "output_dim": 1,
        "seq_len": 12,
        "horizon": 12,
        "patch_len": 4,
        "patch_stride": 2,
        "num_layers": 2,
        "num_heads": 4,
        "ff_multiplier": 2,
        "dropout": 0.1,
        "lr": 0.001,
        "weight_decay": 0.0001,
        "epochs": 30,
        "patience": 5
      },
      "test_loss": 0.18843649721974298,
      "mae": 0.20740453898906708,
      "rmse": 0.4342145621776581,
      "mape": 122.89044952392578
    }
  ]
}