{
  "timestamp": "2026-04-22T21:01:49.314599",
  "experiment_name": "simple_backbone_pems-bay-by-disp_fil-with-alpah_filter0_4_GraphWaveNet_22_04_2026-17h_33-epoch_30",
  "model": "GraphWaveNet",
  "dataset": "pems-bay-by-disp_fil-with-alpah_filter0_4",
  "selection_metric": "val_mae",
  "seeds": [
    42
  ],
  "params": {
    "hidden_dim": 64,
    "num_blocks": 3,
    "dilation_base": 2,
    "k": 2,
    "dropout": 0.1,
    "lr": 0.001,
    "weight_decay": 0.0001,
    "patience": 5
  },
  "final_test_results_file": "/media/work/suleimaneducure/codes/master-main/results/smoke/json/simple_backbone_pems-bay-by-disp_fil-with-alpah_filter0_4_GraphWaveNet_22_04_2026-17h_33-epoch_30_final_test_results.json",
  "config_summaries_file": "/media/work/suleimaneducure/codes/master-main/results/smoke/json/simple_backbone_pems-bay-by-disp_fil-with-alpah_filter0_4_GraphWaveNet_22_04_2026-17h_33-epoch_30_config_summaries.json",
  "selected_config": {
    "params": {
      "hidden_dim": 64,
      "num_blocks": 3,
      "dilation_base": 2,
      "k": 2,
      "dropout": 0.1,
      "lr": 0.001,
      "weight_decay": 0.0001,
      "patience": 5
    },
    "num_completed_seeds": 1,
    "seeds": [
      42
    ],
    "val_mae_mean": 2.3065967559814453,
    "val_mae_std": 0.0,
    "val_mae_ci95_low": 2.3065967559814453,
    "val_mae_ci95_high": 2.3065967559814453,
    "val_mae_min": 2.3065967559814453,
    "val_mae_max": 2.3065967559814453,
    "val_mae_n": 1,
    "val_rmse_mean": 4.83975887298584,
    "val_rmse_std": 0.0,
    "val_rmse_ci95_low": 4.83975887298584,
    "val_rmse_ci95_high": 4.83975887298584,
    "val_rmse_min": 4.83975887298584,
    "val_rmse_max": 4.83975887298584,
    "val_rmse_n": 1,
    "val_mape_mean": 134727.765625,
    "val_mape_std": 0.0,
    "val_mape_ci95_low": 134727.765625,
    "val_mape_ci95_high": 134727.765625,
    "val_mape_min": 134727.765625,
    "val_mape_max": 134727.765625,
    "val_mape_n": 1,
    "val_smape_mean": 4.7783966064453125,
    "val_smape_std": 0.0,
    "val_smape_ci95_low": 4.7783966064453125,
    "val_smape_ci95_high": 4.7783966064453125,
    "val_smape_min": 4.7783966064453125,
    "val_smape_max": 4.7783966064453125,
    "val_smape_n": 1,
    "val_wape_mean": 3.714034080505371,
    "val_wape_std": 0.0,
    "val_wape_ci95_low": 3.714034080505371,
    "val_wape_ci95_high": 3.714034080505371,
    "val_wape_min": 3.714034080505371,
    "val_wape_max": 3.714034080505371,
    "val_wape_n": 1,
    "val_loss_normalized_mean": 0.2647378290746292,
    "val_loss_normalized_std": 0.0,
    "val_loss_normalized_ci95_low": 0.2647378290746292,
    "val_loss_normalized_ci95_high": 0.2647378290746292,
    "val_loss_normalized_min": 0.2647378290746292,
    "val_loss_normalized_max": 0.2647378290746292,
    "val_loss_normalized_n": 1
  },
  "final_summary": {
    "timestamp": "2026-04-22T21:01:49.254909",
    "experiment_name": "simple_backbone_pems-bay-by-disp_fil-with-alpah_filter0_4_GraphWaveNet_22_04_2026-17h_33-epoch_30",
    "model": "GraphWaveNet",
    "dataset": "pems-bay-by-disp_fil-with-alpah_filter0_4",
    "selection_metric": "val_mae",
    "selected_params": {
      "hidden_dim": 64,
      "num_blocks": 3,
      "dilation_base": 2,
      "k": 2,
      "dropout": 0.1,
      "lr": 0.001,
      "weight_decay": 0.0001,
      "patience": 5
    },
    "selected_num_completed_seeds": 1,
    "final_num_completed_seeds": 1,
    "test_mae_mean": 2.118802070617676,
    "test_mae_std": 0.0,
    "test_mae_ci95_low": 2.118802070617676,
    "test_mae_ci95_high": 2.118802070617676,
    "test_mae_min": 2.118802070617676,
    "test_mae_max": 2.118802070617676,
    "test_mae_n": 1,
    "test_rmse_mean": 4.429413318634033,
    "test_rmse_std": 0.0,
    "test_rmse_ci95_low": 4.429413318634033,
    "test_rmse_ci95_high": 4.429413318634033,
    "test_rmse_min": 4.429413318634033,
    "test_rmse_max": 4.429413318634033,
    "test_rmse_n": 1,
    "test_mape_mean": 111937.984375,
    "test_mape_std": 0.0,
    "test_mape_ci95_low": 111937.984375,
    "test_mape_ci95_high": 111937.984375,
    "test_mape_min": 111937.984375,
    "test_mape_max": 111937.984375,
    "test_mape_n": 1,
    "test_smape_mean": 4.278005599975586,
    "test_smape_std": 0.0,
    "test_smape_ci95_low": 4.278005599975586,
    "test_smape_ci95_high": 4.278005599975586,
    "test_smape_min": 4.278005599975586,
    "test_smape_max": 4.278005599975586,
    "test_smape_n": 1,
    "test_wape_mean": 3.392180919647217,
    "test_wape_std": 0.0,
    "test_wape_ci95_low": 3.392180919647217,
    "test_wape_ci95_high": 3.392180919647217,
    "test_wape_min": 3.392180919647217,
    "test_wape_max": 3.392180919647217,
    "test_wape_n": 1,
    "test_loss_normalized_mean": 0.21978001245668877,
    "test_loss_normalized_std": 0.0,
    "test_loss_normalized_ci95_low": 0.21978001245668877,
    "test_loss_normalized_ci95_high": 0.21978001245668877,
    "test_loss_normalized_min": 0.21978001245668877,
    "test_loss_normalized_max": 0.21978001245668877,
    "test_loss_normalized_n": 1,
    "selected_config_summary": {
      "params": {
        "hidden_dim": 64,
        "num_blocks": 3,
        "dilation_base": 2,
        "k": 2,
        "dropout": 0.1,
        "lr": 0.001,
        "weight_decay": 0.0001,
        "patience": 5
      },
      "num_completed_seeds": 1,
      "seeds": [
        42
      ],
      "val_mae_mean": 2.3065967559814453,
      "val_mae_std": 0.0,
      "val_mae_ci95_low": 2.3065967559814453,
      "val_mae_ci95_high": 2.3065967559814453,
      "val_mae_min": 2.3065967559814453,
      "val_mae_max": 2.3065967559814453,
      "val_mae_n": 1,
      "val_rmse_mean": 4.83975887298584,
      "val_rmse_std": 0.0,
      "val_rmse_ci95_low": 4.83975887298584,
      "val_rmse_ci95_high": 4.83975887298584,
      "val_rmse_min": 4.83975887298584,
      "val_rmse_max": 4.83975887298584,
      "val_rmse_n": 1,
      "val_mape_mean": 134727.765625,
      "val_mape_std": 0.0,
      "val_mape_ci95_low": 134727.765625,
      "val_mape_ci95_high": 134727.765625,
      "val_mape_min": 134727.765625,
      "val_mape_max": 134727.765625,
      "val_mape_n": 1,
      "val_smape_mean": 4.7783966064453125,
      "val_smape_std": 0.0,
      "val_smape_ci95_low": 4.7783966064453125,
      "val_smape_ci95_high": 4.7783966064453125,
      "val_smape_min": 4.7783966064453125,
      "val_smape_max": 4.7783966064453125,
      "val_smape_n": 1,
      "val_wape_mean": 3.714034080505371,
      "val_wape_std": 0.0,
      "val_wape_ci95_low": 3.714034080505371,
      "val_wape_ci95_high": 3.714034080505371,
      "val_wape_min": 3.714034080505371,
      "val_wape_max": 3.714034080505371,
      "val_wape_n": 1,
      "val_loss_normalized_mean": 0.2647378290746292,
      "val_loss_normalized_std": 0.0,
      "val_loss_normalized_ci95_low": 0.2647378290746292,
      "val_loss_normalized_ci95_high": 0.2647378290746292,
      "val_loss_normalized_min": 0.2647378290746292,
      "val_loss_normalized_max": 0.2647378290746292,
      "val_loss_normalized_n": 1
    }
  }
}