{
  "timestamp": "2026-04-22T12:47:49.745508",
  "experiment_name": "simple_backbone_pems-bay-by-nois_corr-with-alpah_filter0_4_STICformer_22_04_2026-11h_30-epoch_1",
  "model": "STICformer",
  "dataset": "pems-bay-by-nois_corr-with-alpah_filter0_4",
  "selection_metric": "val_mae",
  "seeds": [
    42
  ],
  "params": {
    "hidden_dim": 64,
    "num_layers": 2,
    "num_heads": 4,
    "ff_multiplier": 2,
    "dropout": 0.1,
    "lr": 0.001,
    "weight_decay": 0.0001,
    "patience": 5
  },
  "final_test_results_file": "/home/suleimane/master/main/master-main/results/smoke/json/simple_backbone_pems-bay-by-nois_corr-with-alpah_filter0_4_STICformer_22_04_2026-11h_30-epoch_1_final_test_results.json",
  "config_summaries_file": "/home/suleimane/master/main/master-main/results/smoke/json/simple_backbone_pems-bay-by-nois_corr-with-alpah_filter0_4_STICformer_22_04_2026-11h_30-epoch_1_config_summaries.json",
  "selected_config": {
    "params": {
      "hidden_dim": 64,
      "num_layers": 2,
      "num_heads": 4,
      "ff_multiplier": 2,
      "dropout": 0.1,
      "lr": 0.001,
      "weight_decay": 0.0001,
      "patience": 5
    },
    "num_completed_seeds": 1,
    "seeds": [
      42
    ],
    "val_mae_mean": 2.3343346118927,
    "val_mae_std": 0.0,
    "val_mae_ci95_low": 2.3343346118927,
    "val_mae_ci95_high": 2.3343346118927,
    "val_mae_min": 2.3343346118927,
    "val_mae_max": 2.3343346118927,
    "val_mae_n": 1,
    "val_rmse_mean": 4.825006484985352,
    "val_rmse_std": 0.0,
    "val_rmse_ci95_low": 4.825006484985352,
    "val_rmse_ci95_high": 4.825006484985352,
    "val_rmse_min": 4.825006484985352,
    "val_rmse_max": 4.825006484985352,
    "val_rmse_n": 1,
    "val_mape_mean": 133659.34375,
    "val_mape_std": 0.0,
    "val_mape_ci95_low": 133659.34375,
    "val_mape_ci95_high": 133659.34375,
    "val_mape_min": 133659.34375,
    "val_mape_max": 133659.34375,
    "val_mape_n": 1,
    "val_smape_mean": 4.776226043701172,
    "val_smape_std": 0.0,
    "val_smape_ci95_low": 4.776226043701172,
    "val_smape_ci95_high": 4.776226043701172,
    "val_smape_min": 4.776226043701172,
    "val_smape_max": 4.776226043701172,
    "val_smape_n": 1,
    "val_wape_mean": 3.758699893951416,
    "val_wape_std": 0.0,
    "val_wape_ci95_low": 3.758699893951416,
    "val_wape_ci95_high": 3.758699893951416,
    "val_wape_min": 3.758699893951416,
    "val_wape_max": 3.758699893951416,
    "val_wape_n": 1,
    "val_loss_normalized_mean": 0.2635356881341503,
    "val_loss_normalized_std": 0.0,
    "val_loss_normalized_ci95_low": 0.2635356881341503,
    "val_loss_normalized_ci95_high": 0.2635356881341503,
    "val_loss_normalized_min": 0.2635356881341503,
    "val_loss_normalized_max": 0.2635356881341503,
    "val_loss_normalized_n": 1
  },
  "final_summary": {
    "timestamp": "2026-04-22T12:47:49.732729",
    "experiment_name": "simple_backbone_pems-bay-by-nois_corr-with-alpah_filter0_4_STICformer_22_04_2026-11h_30-epoch_1",
    "model": "STICformer",
    "dataset": "pems-bay-by-nois_corr-with-alpah_filter0_4",
    "selection_metric": "val_mae",
    "selected_params": {
      "hidden_dim": 64,
      "num_layers": 2,
      "num_heads": 4,
      "ff_multiplier": 2,
      "dropout": 0.1,
      "lr": 0.001,
      "weight_decay": 0.0001,
      "patience": 5
    },
    "selected_num_completed_seeds": 1,
    "final_num_completed_seeds": 1,
    "test_mae_mean": 2.164320945739746,
    "test_mae_std": 0.0,
    "test_mae_ci95_low": 2.164320945739746,
    "test_mae_ci95_high": 2.164320945739746,
    "test_mae_min": 2.164320945739746,
    "test_mae_max": 2.164320945739746,
    "test_mae_n": 1,
    "test_rmse_mean": 4.435702800750732,
    "test_rmse_std": 0.0,
    "test_rmse_ci95_low": 4.435702800750732,
    "test_rmse_ci95_high": 4.435702800750732,
    "test_rmse_min": 4.435702800750732,
    "test_rmse_max": 4.435702800750732,
    "test_rmse_n": 1,
    "test_mape_mean": 111514.8046875,
    "test_mape_std": 0.0,
    "test_mape_ci95_low": 111514.8046875,
    "test_mape_ci95_high": 111514.8046875,
    "test_mape_min": 111514.8046875,
    "test_mape_max": 111514.8046875,
    "test_mape_n": 1,
    "test_smape_mean": 4.3178205490112305,
    "test_smape_std": 0.0,
    "test_smape_ci95_low": 4.3178205490112305,
    "test_smape_ci95_high": 4.3178205490112305,
    "test_smape_min": 4.3178205490112305,
    "test_smape_max": 4.3178205490112305,
    "test_smape_n": 1,
    "test_wape_mean": 3.465057611465454,
    "test_wape_std": 0.0,
    "test_wape_ci95_low": 3.465057611465454,
    "test_wape_ci95_high": 3.465057611465454,
    "test_wape_min": 3.465057611465454,
    "test_wape_max": 3.465057611465454,
    "test_wape_n": 1,
    "test_loss_normalized_mean": 0.22036113792264755,
    "test_loss_normalized_std": 0.0,
    "test_loss_normalized_ci95_low": 0.22036113792264755,
    "test_loss_normalized_ci95_high": 0.22036113792264755,
    "test_loss_normalized_min": 0.22036113792264755,
    "test_loss_normalized_max": 0.22036113792264755,
    "test_loss_normalized_n": 1,
    "selected_config_summary": {
      "params": {
        "hidden_dim": 64,
        "num_layers": 2,
        "num_heads": 4,
        "ff_multiplier": 2,
        "dropout": 0.1,
        "lr": 0.001,
        "weight_decay": 0.0001,
        "patience": 5
      },
      "num_completed_seeds": 1,
      "seeds": [
        42
      ],
      "val_mae_mean": 2.3343346118927,
      "val_mae_std": 0.0,
      "val_mae_ci95_low": 2.3343346118927,
      "val_mae_ci95_high": 2.3343346118927,
      "val_mae_min": 2.3343346118927,
      "val_mae_max": 2.3343346118927,
      "val_mae_n": 1,
      "val_rmse_mean": 4.825006484985352,
      "val_rmse_std": 0.0,
      "val_rmse_ci95_low": 4.825006484985352,
      "val_rmse_ci95_high": 4.825006484985352,
      "val_rmse_min": 4.825006484985352,
      "val_rmse_max": 4.825006484985352,
      "val_rmse_n": 1,
      "val_mape_mean": 133659.34375,
      "val_mape_std": 0.0,
      "val_mape_ci95_low": 133659.34375,
      "val_mape_ci95_high": 133659.34375,
      "val_mape_min": 133659.34375,
      "val_mape_max": 133659.34375,
      "val_mape_n": 1,
      "val_smape_mean": 4.776226043701172,
      "val_smape_std": 0.0,
      "val_smape_ci95_low": 4.776226043701172,
      "val_smape_ci95_high": 4.776226043701172,
      "val_smape_min": 4.776226043701172,
      "val_smape_max": 4.776226043701172,
      "val_smape_n": 1,
      "val_wape_mean": 3.758699893951416,
      "val_wape_std": 0.0,
      "val_wape_ci95_low": 3.758699893951416,
      "val_wape_ci95_high": 3.758699893951416,
      "val_wape_min": 3.758699893951416,
      "val_wape_max": 3.758699893951416,
      "val_wape_n": 1,
      "val_loss_normalized_mean": 0.2635356881341503,
      "val_loss_normalized_std": 0.0,
      "val_loss_normalized_ci95_low": 0.2635356881341503,
      "val_loss_normalized_ci95_high": 0.2635356881341503,
      "val_loss_normalized_min": 0.2635356881341503,
      "val_loss_normalized_max": 0.2635356881341503,
      "val_loss_normalized_n": 1
    }
  }
}