{
  "mae": 2.1970810890197754,
  "rmse": 4.731072425842285,
  "mape": 111846.75
}