{
  "mae": 2.161620616912842,
  "rmse": 4.670283317565918,
  "mape": 40309332.0
}