{
  "timestamp": "2026-04-22T19:26:55.361415",
  "experiment_name": "simple_metr-la_GraphWaveNet_22_04_2026-17h_33-epoch_30",
  "model": "GraphWaveNet",
  "dataset": "metr-la",
  "selection_metric": "val_mae",
  "seeds": [
    42
  ],
  "params": {
    "hidden_dim": 64,
    "num_blocks": 3,
    "dilation_base": 2,
    "k": 2,
    "dropout": 0.1,
    "lr": 0.001,
    "weight_decay": 0.0001,
    "patience": 5
  },
  "final_test_results_file": "/media/work/suleimaneducure/codes/master-main/results/smoke/json/simple_metr-la_GraphWaveNet_22_04_2026-17h_33-epoch_30_final_test_results.json",
  "config_summaries_file": "/media/work/suleimaneducure/codes/master-main/results/smoke/json/simple_metr-la_GraphWaveNet_22_04_2026-17h_33-epoch_30_config_summaries.json",
  "selected_config": {
    "params": {
      "hidden_dim": 64,
      "num_blocks": 3,
      "dilation_base": 2,
      "k": 2,
      "dropout": 0.1,
      "lr": 0.001,
      "weight_decay": 0.0001,
      "patience": 5
    },
    "num_completed_seeds": 1,
    "seeds": [
      42
    ],
    "val_mae_mean": 5.388321399688721,
    "val_mae_std": 0.0,
    "val_mae_ci95_low": 5.388321399688721,
    "val_mae_ci95_high": 5.388321399688721,
    "val_mae_min": 5.388321399688721,
    "val_mae_max": 5.388321399688721,
    "val_mae_n": 1,
    "val_rmse_mean": 11.005603790283203,
    "val_rmse_std": 0.0,
    "val_rmse_ci95_low": 11.005603790283203,
    "val_rmse_ci95_high": 11.005603790283203,
    "val_rmse_min": 11.005603790283203,
    "val_rmse_max": 11.005603790283203,
    "val_rmse_n": 1,
    "val_mape_mean": 11188715520.0,
    "val_mape_std": 0.0,
    "val_mape_ci95_low": 11188715520.0,
    "val_mape_ci95_high": 11188715520.0,
    "val_mape_min": 11188715520.0,
    "val_mape_max": 11188715520.0,
    "val_mape_n": 1,
    "val_smape_mean": 23.54511070251465,
    "val_smape_std": 0.0,
    "val_smape_ci95_low": 23.54511070251465,
    "val_smape_ci95_high": 23.54511070251465,
    "val_smape_min": 23.54511070251465,
    "val_smape_max": 23.54511070251465,
    "val_smape_n": 1,
    "val_wape_mean": 9.825498580932617,
    "val_wape_std": 0.0,
    "val_wape_ci95_low": 9.825498580932617,
    "val_wape_ci95_high": 9.825498580932617,
    "val_wape_min": 9.825498580932617,
    "val_wape_max": 9.825498580932617,
    "val_wape_n": 1,
    "val_loss_normalized_mean": 0.31774675017483883,
    "val_loss_normalized_std": 0.0,
    "val_loss_normalized_ci95_low": 0.31774675017483883,
    "val_loss_normalized_ci95_high": 0.31774675017483883,
    "val_loss_normalized_min": 0.31774675017483883,
    "val_loss_normalized_max": 0.31774675017483883,
    "val_loss_normalized_n": 1
  },
  "final_summary": {
    "timestamp": "2026-04-22T19:26:55.334252",
    "experiment_name": "simple_metr-la_GraphWaveNet_22_04_2026-17h_33-epoch_30",
    "model": "GraphWaveNet",
    "dataset": "metr-la",
    "selection_metric": "val_mae",
    "selected_params": {
      "hidden_dim": 64,
      "num_blocks": 3,
      "dilation_base": 2,
      "k": 2,
      "dropout": 0.1,
      "lr": 0.001,
      "weight_decay": 0.0001,
      "patience": 5
    },
    "selected_num_completed_seeds": 1,
    "final_num_completed_seeds": 1,
    "test_mae_mean": 6.106078624725342,
    "test_mae_std": 0.0,
    "test_mae_ci95_low": 6.106078624725342,
    "test_mae_ci95_high": 6.106078624725342,
    "test_mae_min": 6.106078624725342,
    "test_mae_max": 6.106078624725342,
    "test_mae_n": 1,
    "test_rmse_mean": 12.026956558227539,
    "test_rmse_std": 0.0,
    "test_rmse_ci95_low": 12.026956558227539,
    "test_rmse_ci95_high": 12.026956558227539,
    "test_rmse_min": 12.026956558227539,
    "test_rmse_max": 12.026956558227539,
    "test_rmse_n": 1,
    "test_mape_mean": 15742545920.0,
    "test_mape_std": 0.0,
    "test_mape_ci95_low": 15742545920.0,
    "test_mape_ci95_high": 15742545920.0,
    "test_mape_min": 15742545920.0,
    "test_mape_max": 15742545920.0,
    "test_mape_n": 1,
    "test_smape_mean": 34.6529655456543,
    "test_smape_std": 0.0,
    "test_smape_ci95_low": 34.6529655456543,
    "test_smape_ci95_high": 34.6529655456543,
    "test_smape_min": 34.6529655456543,
    "test_smape_max": 34.6529655456543,
    "test_smape_n": 1,
    "test_wape_mean": 12.034223556518555,
    "test_wape_std": 0.0,
    "test_wape_ci95_low": 12.034223556518555,
    "test_wape_ci95_high": 12.034223556518555,
    "test_wape_min": 12.034223556518555,
    "test_wape_max": 12.034223556518555,
    "test_wape_n": 1,
    "test_loss_normalized_mean": 0.3798879122309317,
    "test_loss_normalized_std": 0.0,
    "test_loss_normalized_ci95_low": 0.3798879122309317,
    "test_loss_normalized_ci95_high": 0.3798879122309317,
    "test_loss_normalized_min": 0.3798879122309317,
    "test_loss_normalized_max": 0.3798879122309317,
    "test_loss_normalized_n": 1,
    "selected_config_summary": {
      "params": {
        "hidden_dim": 64,
        "num_blocks": 3,
        "dilation_base": 2,
        "k": 2,
        "dropout": 0.1,
        "lr": 0.001,
        "weight_decay": 0.0001,
        "patience": 5
      },
      "num_completed_seeds": 1,
      "seeds": [
        42
      ],
      "val_mae_mean": 5.388321399688721,
      "val_mae_std": 0.0,
      "val_mae_ci95_low": 5.388321399688721,
      "val_mae_ci95_high": 5.388321399688721,
      "val_mae_min": 5.388321399688721,
      "val_mae_max": 5.388321399688721,
      "val_mae_n": 1,
      "val_rmse_mean": 11.005603790283203,
      "val_rmse_std": 0.0,
      "val_rmse_ci95_low": 11.005603790283203,
      "val_rmse_ci95_high": 11.005603790283203,
      "val_rmse_min": 11.005603790283203,
      "val_rmse_max": 11.005603790283203,
      "val_rmse_n": 1,
      "val_mape_mean": 11188715520.0,
      "val_mape_std": 0.0,
      "val_mape_ci95_low": 11188715520.0,
      "val_mape_ci95_high": 11188715520.0,
      "val_mape_min": 11188715520.0,
      "val_mape_max": 11188715520.0,
      "val_mape_n": 1,
      "val_smape_mean": 23.54511070251465,
      "val_smape_std": 0.0,
      "val_smape_ci95_low": 23.54511070251465,
      "val_smape_ci95_high": 23.54511070251465,
      "val_smape_min": 23.54511070251465,
      "val_smape_max": 23.54511070251465,
      "val_smape_n": 1,
      "val_wape_mean": 9.825498580932617,
      "val_wape_std": 0.0,
      "val_wape_ci95_low": 9.825498580932617,
      "val_wape_ci95_high": 9.825498580932617,
      "val_wape_min": 9.825498580932617,
      "val_wape_max": 9.825498580932617,
      "val_wape_n": 1,
      "val_loss_normalized_mean": 0.31774675017483883,
      "val_loss_normalized_std": 0.0,
      "val_loss_normalized_ci95_low": 0.31774675017483883,
      "val_loss_normalized_ci95_high": 0.31774675017483883,
      "val_loss_normalized_min": 0.31774675017483883,
      "val_loss_normalized_max": 0.31774675017483883,
      "val_loss_normalized_n": 1
    }
  }
}