{
  "mae": 6.781691074371338,
  "rmse": 12.364561080932617,
  "mape": 20439404544.0
}