{
  "mae": 2.0694425106048584,
  "rmse": 4.239220142364502,
  "mape": 40284780.0
}