{
  "timestamp": "2026-04-22T18:20:55.143568",
  "experiment_name": "simple_pems-bay_MTGNN_22_04_2026-17h_33-epoch_30",
  "model": "MTGNN",
  "dataset": "pems-bay",
  "selection_metric": "val_mae",
  "seeds": [
    42
  ],
  "params": {
    "hidden_dim": 64,
    "num_blocks": 3,
    "kernel_size": 2,
    "dilation_base": 2,
    "gcn_depth": 2,
    "propalpha": 0.05,
    "node_dim": 16,
    "dropout": 0.1,
    "lr": 0.001,
    "weight_decay": 0.0001,
    "patience": 5
  },
  "final_test_results_file": "/media/work/suleimaneducure/codes/master-main/results/smoke/json/simple_pems-bay_MTGNN_22_04_2026-17h_33-epoch_30_final_test_results.json",
  "config_summaries_file": "/media/work/suleimaneducure/codes/master-main/results/smoke/json/simple_pems-bay_MTGNN_22_04_2026-17h_33-epoch_30_config_summaries.json",
  "selected_config": {
    "params": {
      "hidden_dim": 64,
      "num_blocks": 3,
      "kernel_size": 2,
      "dilation_base": 2,
      "gcn_depth": 2,
      "propalpha": 0.05,
      "node_dim": 16,
      "dropout": 0.1,
      "lr": 0.001,
      "weight_decay": 0.0001,
      "patience": 5
    },
    "num_completed_seeds": 1,
    "seeds": [
      42
    ],
    "val_mae_mean": 2.3527536392211914,
    "val_mae_std": 0.0,
    "val_mae_ci95_low": 2.3527536392211914,
    "val_mae_ci95_high": 2.3527536392211914,
    "val_mae_min": 2.3527536392211914,
    "val_mae_max": 2.3527536392211914,
    "val_mae_n": 1,
    "val_rmse_mean": 5.031579971313477,
    "val_rmse_std": 0.0,
    "val_rmse_ci95_low": 5.031579971313477,
    "val_rmse_ci95_high": 5.031579971313477,
    "val_rmse_min": 5.031579971313477,
    "val_rmse_max": 5.031579971313477,
    "val_rmse_n": 1,
    "val_mape_mean": 134245.859375,
    "val_mape_std": 0.0,
    "val_mape_ci95_low": 134245.859375,
    "val_mape_ci95_high": 134245.859375,
    "val_mape_min": 134245.859375,
    "val_mape_max": 134245.859375,
    "val_mape_n": 1,
    "val_smape_mean": 4.890611171722412,
    "val_smape_std": 0.0,
    "val_smape_ci95_low": 4.890611171722412,
    "val_smape_ci95_high": 4.890611171722412,
    "val_smape_min": 4.890611171722412,
    "val_smape_max": 4.890611171722412,
    "val_smape_n": 1,
    "val_wape_mean": 3.7883548736572266,
    "val_wape_std": 0.0,
    "val_wape_ci95_low": 3.7883548736572266,
    "val_wape_ci95_high": 3.7883548736572266,
    "val_wape_min": 3.7883548736572266,
    "val_wape_max": 3.7883548736572266,
    "val_wape_n": 1,
    "val_loss_normalized_mean": 0.286117496060356,
    "val_loss_normalized_std": 0.0,
    "val_loss_normalized_ci95_low": 0.286117496060356,
    "val_loss_normalized_ci95_high": 0.286117496060356,
    "val_loss_normalized_min": 0.286117496060356,
    "val_loss_normalized_max": 0.286117496060356,
    "val_loss_normalized_n": 1
  },
  "final_summary": {
    "timestamp": "2026-04-22T18:20:55.118515",
    "experiment_name": "simple_pems-bay_MTGNN_22_04_2026-17h_33-epoch_30",
    "model": "MTGNN",
    "dataset": "pems-bay",
    "selection_metric": "val_mae",
    "selected_params": {
      "hidden_dim": 64,
      "num_blocks": 3,
      "kernel_size": 2,
      "dilation_base": 2,
      "gcn_depth": 2,
      "propalpha": 0.05,
      "node_dim": 16,
      "dropout": 0.1,
      "lr": 0.001,
      "weight_decay": 0.0001,
      "patience": 5
    },
    "selected_num_completed_seeds": 1,
    "final_num_completed_seeds": 1,
    "test_mae_mean": 2.1970810890197754,
    "test_mae_std": 0.0,
    "test_mae_ci95_low": 2.1970810890197754,
    "test_mae_ci95_high": 2.1970810890197754,
    "test_mae_min": 2.1970810890197754,
    "test_mae_max": 2.1970810890197754,
    "test_mae_n": 1,
    "test_rmse_mean": 4.731072425842285,
    "test_rmse_std": 0.0,
    "test_rmse_ci95_low": 4.731072425842285,
    "test_rmse_ci95_high": 4.731072425842285,
    "test_rmse_min": 4.731072425842285,
    "test_rmse_max": 4.731072425842285,
    "test_rmse_n": 1,
    "test_mape_mean": 111846.75,
    "test_mape_std": 0.0,
    "test_mape_ci95_low": 111846.75,
    "test_mape_ci95_high": 111846.75,
    "test_mape_min": 111846.75,
    "test_mape_max": 111846.75,
    "test_mape_n": 1,
    "test_smape_mean": 4.472272872924805,
    "test_smape_std": 0.0,
    "test_smape_ci95_low": 4.472272872924805,
    "test_smape_ci95_high": 4.472272872924805,
    "test_smape_min": 4.472272872924805,
    "test_smape_max": 4.472272872924805,
    "test_smape_n": 1,
    "test_wape_mean": 3.5175046920776367,
    "test_wape_std": 0.0,
    "test_wape_ci95_low": 3.5175046920776367,
    "test_wape_ci95_high": 3.5175046920776367,
    "test_wape_min": 3.5175046920776367,
    "test_wape_max": 3.5175046920776367,
    "test_wape_n": 1,
    "test_loss_normalized_mean": 0.25069658143411566,
    "test_loss_normalized_std": 0.0,
    "test_loss_normalized_ci95_low": 0.25069658143411566,
    "test_loss_normalized_ci95_high": 0.25069658143411566,
    "test_loss_normalized_min": 0.25069658143411566,
    "test_loss_normalized_max": 0.25069658143411566,
    "test_loss_normalized_n": 1,
    "selected_config_summary": {
      "params": {
        "hidden_dim": 64,
        "num_blocks": 3,
        "kernel_size": 2,
        "dilation_base": 2,
        "gcn_depth": 2,
        "propalpha": 0.05,
        "node_dim": 16,
        "dropout": 0.1,
        "lr": 0.001,
        "weight_decay": 0.0001,
        "patience": 5
      },
      "num_completed_seeds": 1,
      "seeds": [
        42
      ],
      "val_mae_mean": 2.3527536392211914,
      "val_mae_std": 0.0,
      "val_mae_ci95_low": 2.3527536392211914,
      "val_mae_ci95_high": 2.3527536392211914,
      "val_mae_min": 2.3527536392211914,
      "val_mae_max": 2.3527536392211914,
      "val_mae_n": 1,
      "val_rmse_mean": 5.031579971313477,
      "val_rmse_std": 0.0,
      "val_rmse_ci95_low": 5.031579971313477,
      "val_rmse_ci95_high": 5.031579971313477,
      "val_rmse_min": 5.031579971313477,
      "val_rmse_max": 5.031579971313477,
      "val_rmse_n": 1,
      "val_mape_mean": 134245.859375,
      "val_mape_std": 0.0,
      "val_mape_ci95_low": 134245.859375,
      "val_mape_ci95_high": 134245.859375,
      "val_mape_min": 134245.859375,
      "val_mape_max": 134245.859375,
      "val_mape_n": 1,
      "val_smape_mean": 4.890611171722412,
      "val_smape_std": 0.0,
      "val_smape_ci95_low": 4.890611171722412,
      "val_smape_ci95_high": 4.890611171722412,
      "val_smape_min": 4.890611171722412,
      "val_smape_max": 4.890611171722412,
      "val_smape_n": 1,
      "val_wape_mean": 3.7883548736572266,
      "val_wape_std": 0.0,
      "val_wape_ci95_low": 3.7883548736572266,
      "val_wape_ci95_high": 3.7883548736572266,
      "val_wape_min": 3.7883548736572266,
      "val_wape_max": 3.7883548736572266,
      "val_wape_n": 1,
      "val_loss_normalized_mean": 0.286117496060356,
      "val_loss_normalized_std": 0.0,
      "val_loss_normalized_ci95_low": 0.286117496060356,
      "val_loss_normalized_ci95_high": 0.286117496060356,
      "val_loss_normalized_min": 0.286117496060356,
      "val_loss_normalized_max": 0.286117496060356,
      "val_loss_normalized_n": 1
    }
  }
}