{
  "timestamp": "2026-04-22T23:15:06.373068",
  "experiment_name": "simple_backbone_pems-bay-by-nois_corr-with-alpah_filter0_4_STICformer_22_04_2026-17h_33-epoch_30",
  "model": "STICformer",
  "dataset": "pems-bay-by-nois_corr-with-alpah_filter0_4",
  "selection_metric": "val_mae",
  "seeds": [
    42
  ],
  "params": {
    "hidden_dim": 64,
    "num_layers": 2,
    "num_heads": 4,
    "ff_multiplier": 2,
    "dropout": 0.1,
    "lr": 0.001,
    "weight_decay": 0.0001,
    "patience": 5
  },
  "final_test_results_file": "/media/work/suleimaneducure/codes/master-main/results/smoke/json/simple_backbone_pems-bay-by-nois_corr-with-alpah_filter0_4_STICformer_22_04_2026-17h_33-epoch_30_final_test_results.json",
  "config_summaries_file": "/media/work/suleimaneducure/codes/master-main/results/smoke/json/simple_backbone_pems-bay-by-nois_corr-with-alpah_filter0_4_STICformer_22_04_2026-17h_33-epoch_30_config_summaries.json",
  "selected_config": {
    "params": {
      "hidden_dim": 64,
      "num_layers": 2,
      "num_heads": 4,
      "ff_multiplier": 2,
      "dropout": 0.1,
      "lr": 0.001,
      "weight_decay": 0.0001,
      "patience": 5
    },
    "num_completed_seeds": 1,
    "seeds": [
      42
    ],
    "val_mae_mean": 1.9916608333587646,
    "val_mae_std": 0.0,
    "val_mae_ci95_low": 1.9916608333587646,
    "val_mae_ci95_high": 1.9916608333587646,
    "val_mae_min": 1.9916608333587646,
    "val_mae_max": 1.9916608333587646,
    "val_mae_n": 1,
    "val_rmse_mean": 4.224711894989014,
    "val_rmse_std": 0.0,
    "val_rmse_ci95_low": 4.224711894989014,
    "val_rmse_ci95_high": 4.224711894989014,
    "val_rmse_min": 4.224711894989014,
    "val_rmse_max": 4.224711894989014,
    "val_rmse_n": 1,
    "val_mape_mean": 135315.8125,
    "val_mape_std": 0.0,
    "val_mape_ci95_low": 135315.8125,
    "val_mape_ci95_high": 135315.8125,
    "val_mape_min": 135315.8125,
    "val_mape_max": 135315.8125,
    "val_mape_n": 1,
    "val_smape_mean": 4.104864120483398,
    "val_smape_std": 0.0,
    "val_smape_ci95_low": 4.104864120483398,
    "val_smape_ci95_high": 4.104864120483398,
    "val_smape_min": 4.104864120483398,
    "val_smape_max": 4.104864120483398,
    "val_smape_n": 1,
    "val_wape_mean": 3.2069311141967773,
    "val_wape_std": 0.0,
    "val_wape_ci95_low": 3.2069311141967773,
    "val_wape_ci95_high": 3.2069311141967773,
    "val_wape_min": 3.2069311141967773,
    "val_wape_max": 3.2069311141967773,
    "val_wape_n": 1,
    "val_loss_normalized_mean": 0.20174289732440118,
    "val_loss_normalized_std": 0.0,
    "val_loss_normalized_ci95_low": 0.20174289732440118,
    "val_loss_normalized_ci95_high": 0.20174289732440118,
    "val_loss_normalized_min": 0.20174289732440118,
    "val_loss_normalized_max": 0.20174289732440118,
    "val_loss_normalized_n": 1
  },
  "final_summary": {
    "timestamp": "2026-04-22T23:15:06.301245",
    "experiment_name": "simple_backbone_pems-bay-by-nois_corr-with-alpah_filter0_4_STICformer_22_04_2026-17h_33-epoch_30",
    "model": "STICformer",
    "dataset": "pems-bay-by-nois_corr-with-alpah_filter0_4",
    "selection_metric": "val_mae",
    "selected_params": {
      "hidden_dim": 64,
      "num_layers": 2,
      "num_heads": 4,
      "ff_multiplier": 2,
      "dropout": 0.1,
      "lr": 0.001,
      "weight_decay": 0.0001,
      "patience": 5
    },
    "selected_num_completed_seeds": 1,
    "final_num_completed_seeds": 1,
    "test_mae_mean": 1.8877062797546387,
    "test_mae_std": 0.0,
    "test_mae_ci95_low": 1.8877062797546387,
    "test_mae_ci95_high": 1.8877062797546387,
    "test_mae_min": 1.8877062797546387,
    "test_mae_max": 1.8877062797546387,
    "test_mae_n": 1,
    "test_rmse_mean": 4.016567707061768,
    "test_rmse_std": 0.0,
    "test_rmse_ci95_low": 4.016567707061768,
    "test_rmse_ci95_high": 4.016567707061768,
    "test_rmse_min": 4.016567707061768,
    "test_rmse_max": 4.016567707061768,
    "test_rmse_n": 1,
    "test_mape_mean": 112671.0234375,
    "test_mape_std": 0.0,
    "test_mape_ci95_low": 112671.0234375,
    "test_mape_ci95_high": 112671.0234375,
    "test_mape_min": 112671.0234375,
    "test_mape_max": 112671.0234375,
    "test_mape_n": 1,
    "test_smape_mean": 3.7910268306732178,
    "test_smape_std": 0.0,
    "test_smape_ci95_low": 3.7910268306732178,
    "test_smape_ci95_high": 3.7910268306732178,
    "test_smape_min": 3.7910268306732178,
    "test_smape_max": 3.7910268306732178,
    "test_smape_n": 1,
    "test_wape_mean": 3.0221989154815674,
    "test_wape_std": 0.0,
    "test_wape_ci95_low": 3.0221989154815674,
    "test_wape_ci95_high": 3.0221989154815674,
    "test_wape_min": 3.0221989154815674,
    "test_wape_max": 3.0221989154815674,
    "test_wape_n": 1,
    "test_loss_normalized_mean": 0.18069670227087714,
    "test_loss_normalized_std": 0.0,
    "test_loss_normalized_ci95_low": 0.18069670227087714,
    "test_loss_normalized_ci95_high": 0.18069670227087714,
    "test_loss_normalized_min": 0.18069670227087714,
    "test_loss_normalized_max": 0.18069670227087714,
    "test_loss_normalized_n": 1,
    "selected_config_summary": {
      "params": {
        "hidden_dim": 64,
        "num_layers": 2,
        "num_heads": 4,
        "ff_multiplier": 2,
        "dropout": 0.1,
        "lr": 0.001,
        "weight_decay": 0.0001,
        "patience": 5
      },
      "num_completed_seeds": 1,
      "seeds": [
        42
      ],
      "val_mae_mean": 1.9916608333587646,
      "val_mae_std": 0.0,
      "val_mae_ci95_low": 1.9916608333587646,
      "val_mae_ci95_high": 1.9916608333587646,
      "val_mae_min": 1.9916608333587646,
      "val_mae_max": 1.9916608333587646,
      "val_mae_n": 1,
      "val_rmse_mean": 4.224711894989014,
      "val_rmse_std": 0.0,
      "val_rmse_ci95_low": 4.224711894989014,
      "val_rmse_ci95_high": 4.224711894989014,
      "val_rmse_min": 4.224711894989014,
      "val_rmse_max": 4.224711894989014,
      "val_rmse_n": 1,
      "val_mape_mean": 135315.8125,
      "val_mape_std": 0.0,
      "val_mape_ci95_low": 135315.8125,
      "val_mape_ci95_high": 135315.8125,
      "val_mape_min": 135315.8125,
      "val_mape_max": 135315.8125,
      "val_mape_n": 1,
      "val_smape_mean": 4.104864120483398,
      "val_smape_std": 0.0,
      "val_smape_ci95_low": 4.104864120483398,
      "val_smape_ci95_high": 4.104864120483398,
      "val_smape_min": 4.104864120483398,
      "val_smape_max": 4.104864120483398,
      "val_smape_n": 1,
      "val_wape_mean": 3.2069311141967773,
      "val_wape_std": 0.0,
      "val_wape_ci95_low": 3.2069311141967773,
      "val_wape_ci95_high": 3.2069311141967773,
      "val_wape_min": 3.2069311141967773,
      "val_wape_max": 3.2069311141967773,
      "val_wape_n": 1,
      "val_loss_normalized_mean": 0.20174289732440118,
      "val_loss_normalized_std": 0.0,
      "val_loss_normalized_ci95_low": 0.20174289732440118,
      "val_loss_normalized_ci95_high": 0.20174289732440118,
      "val_loss_normalized_min": 0.20174289732440118,
      "val_loss_normalized_max": 0.20174289732440118,
      "val_loss_normalized_n": 1
    }
  }
}