{
  "mae": 5.949277877807617,
  "rmse": 11.847607612609863,
  "mape": 17604530176.0
}