{
  "mae": 2.118802070617676,
  "rmse": 4.429413318634033,
  "mape": 111937.984375
}