{
  "timestamp": "2026-04-22T18:00:17.855644",
  "experiment_name": "simple_pems-bay_GraphWaveNet_22_04_2026-17h_33-epoch_30",
  "model": "GraphWaveNet",
  "dataset": "pems-bay",
  "selection_metric": "val_mae",
  "seeds": [
    42
  ],
  "params": {
    "hidden_dim": 64,
    "num_blocks": 3,
    "dilation_base": 2,
    "k": 2,
    "dropout": 0.1,
    "lr": 0.001,
    "weight_decay": 0.0001,
    "patience": 5
  },
  "final_test_results_file": "/media/work/suleimaneducure/codes/master-main/results/smoke/json/simple_pems-bay_GraphWaveNet_22_04_2026-17h_33-epoch_30_final_test_results.json",
  "config_summaries_file": "/media/work/suleimaneducure/codes/master-main/results/smoke/json/simple_pems-bay_GraphWaveNet_22_04_2026-17h_33-epoch_30_config_summaries.json",
  "selected_config": {
    "params": {
      "hidden_dim": 64,
      "num_blocks": 3,
      "dilation_base": 2,
      "k": 2,
      "dropout": 0.1,
      "lr": 0.001,
      "weight_decay": 0.0001,
      "patience": 5
    },
    "num_completed_seeds": 1,
    "seeds": [
      42
    ],
    "val_mae_mean": 2.172835350036621,
    "val_mae_std": 0.0,
    "val_mae_ci95_low": 2.172835350036621,
    "val_mae_ci95_high": 2.172835350036621,
    "val_mae_min": 2.172835350036621,
    "val_mae_max": 2.172835350036621,
    "val_mae_n": 1,
    "val_rmse_mean": 4.567534923553467,
    "val_rmse_std": 0.0,
    "val_rmse_ci95_low": 4.567534923553467,
    "val_rmse_ci95_high": 4.567534923553467,
    "val_rmse_min": 4.567534923553467,
    "val_rmse_max": 4.567534923553467,
    "val_rmse_n": 1,
    "val_mape_mean": 135216.15625,
    "val_mape_std": 0.0,
    "val_mape_ci95_low": 135216.15625,
    "val_mape_ci95_high": 135216.15625,
    "val_mape_min": 135216.15625,
    "val_mape_max": 135216.15625,
    "val_mape_n": 1,
    "val_smape_mean": 4.499558448791504,
    "val_smape_std": 0.0,
    "val_smape_ci95_low": 4.499558448791504,
    "val_smape_ci95_high": 4.499558448791504,
    "val_smape_min": 4.499558448791504,
    "val_smape_max": 4.499558448791504,
    "val_smape_n": 1,
    "val_wape_mean": 3.498654365539551,
    "val_wape_std": 0.0,
    "val_wape_ci95_low": 3.498654365539551,
    "val_wape_ci95_high": 3.498654365539551,
    "val_wape_min": 3.498654365539551,
    "val_wape_max": 3.498654365539551,
    "val_wape_n": 1,
    "val_loss_normalized_mean": 0.2356361907112635,
    "val_loss_normalized_std": 0.0,
    "val_loss_normalized_ci95_low": 0.2356361907112635,
    "val_loss_normalized_ci95_high": 0.2356361907112635,
    "val_loss_normalized_min": 0.2356361907112635,
    "val_loss_normalized_max": 0.2356361907112635,
    "val_loss_normalized_n": 1
  },
  "final_summary": {
    "timestamp": "2026-04-22T18:00:17.846466",
    "experiment_name": "simple_pems-bay_GraphWaveNet_22_04_2026-17h_33-epoch_30",
    "model": "GraphWaveNet",
    "dataset": "pems-bay",
    "selection_metric": "val_mae",
    "selected_params": {
      "hidden_dim": 64,
      "num_blocks": 3,
      "dilation_base": 2,
      "k": 2,
      "dropout": 0.1,
      "lr": 0.001,
      "weight_decay": 0.0001,
      "patience": 5
    },
    "selected_num_completed_seeds": 1,
    "final_num_completed_seeds": 1,
    "test_mae_mean": 2.0387797355651855,
    "test_mae_std": 0.0,
    "test_mae_ci95_low": 2.0387797355651855,
    "test_mae_ci95_high": 2.0387797355651855,
    "test_mae_min": 2.0387797355651855,
    "test_mae_max": 2.0387797355651855,
    "test_mae_n": 1,
    "test_rmse_mean": 4.29176664352417,
    "test_rmse_std": 0.0,
    "test_rmse_ci95_low": 4.29176664352417,
    "test_rmse_ci95_high": 4.29176664352417,
    "test_rmse_min": 4.29176664352417,
    "test_rmse_max": 4.29176664352417,
    "test_rmse_n": 1,
    "test_mape_mean": 112180.5078125,
    "test_mape_std": 0.0,
    "test_mape_ci95_low": 112180.5078125,
    "test_mape_ci95_high": 112180.5078125,
    "test_mape_min": 112180.5078125,
    "test_mape_max": 112180.5078125,
    "test_mape_n": 1,
    "test_smape_mean": 4.121494293212891,
    "test_smape_std": 0.0,
    "test_smape_ci95_low": 4.121494293212891,
    "test_smape_ci95_high": 4.121494293212891,
    "test_smape_min": 4.121494293212891,
    "test_smape_max": 4.121494293212891,
    "test_smape_n": 1,
    "test_wape_mean": 3.264065742492676,
    "test_wape_std": 0.0,
    "test_wape_ci95_low": 3.264065742492676,
    "test_wape_ci95_high": 3.264065742492676,
    "test_wape_min": 3.264065742492676,
    "test_wape_max": 3.264065742492676,
    "test_wape_n": 1,
    "test_loss_normalized_mean": 0.2063207227131066,
    "test_loss_normalized_std": 0.0,
    "test_loss_normalized_ci95_low": 0.2063207227131066,
    "test_loss_normalized_ci95_high": 0.2063207227131066,
    "test_loss_normalized_min": 0.2063207227131066,
    "test_loss_normalized_max": 0.2063207227131066,
    "test_loss_normalized_n": 1,
    "selected_config_summary": {
      "params": {
        "hidden_dim": 64,
        "num_blocks": 3,
        "dilation_base": 2,
        "k": 2,
        "dropout": 0.1,
        "lr": 0.001,
        "weight_decay": 0.0001,
        "patience": 5
      },
      "num_completed_seeds": 1,
      "seeds": [
        42
      ],
      "val_mae_mean": 2.172835350036621,
      "val_mae_std": 0.0,
      "val_mae_ci95_low": 2.172835350036621,
      "val_mae_ci95_high": 2.172835350036621,
      "val_mae_min": 2.172835350036621,
      "val_mae_max": 2.172835350036621,
      "val_mae_n": 1,
      "val_rmse_mean": 4.567534923553467,
      "val_rmse_std": 0.0,
      "val_rmse_ci95_low": 4.567534923553467,
      "val_rmse_ci95_high": 4.567534923553467,
      "val_rmse_min": 4.567534923553467,
      "val_rmse_max": 4.567534923553467,
      "val_rmse_n": 1,
      "val_mape_mean": 135216.15625,
      "val_mape_std": 0.0,
      "val_mape_ci95_low": 135216.15625,
      "val_mape_ci95_high": 135216.15625,
      "val_mape_min": 135216.15625,
      "val_mape_max": 135216.15625,
      "val_mape_n": 1,
      "val_smape_mean": 4.499558448791504,
      "val_smape_std": 0.0,
      "val_smape_ci95_low": 4.499558448791504,
      "val_smape_ci95_high": 4.499558448791504,
      "val_smape_min": 4.499558448791504,
      "val_smape_max": 4.499558448791504,
      "val_smape_n": 1,
      "val_wape_mean": 3.498654365539551,
      "val_wape_std": 0.0,
      "val_wape_ci95_low": 3.498654365539551,
      "val_wape_ci95_high": 3.498654365539551,
      "val_wape_min": 3.498654365539551,
      "val_wape_max": 3.498654365539551,
      "val_wape_n": 1,
      "val_loss_normalized_mean": 0.2356361907112635,
      "val_loss_normalized_std": 0.0,
      "val_loss_normalized_ci95_low": 0.2356361907112635,
      "val_loss_normalized_ci95_high": 0.2356361907112635,
      "val_loss_normalized_min": 0.2356361907112635,
      "val_loss_normalized_max": 0.2356361907112635,
      "val_loss_normalized_n": 1
    }
  }
}