{
  "timestamp": "2026-04-22T09:16:47.753488",
  "experiment_name": "simple_pems-bay_GraphWaveNet_22_04_2026-09h_09-epoch_1",
  "model": "GraphWaveNet",
  "dataset": "pems-bay",
  "selection_metric": "val_mae",
  "seeds": [
    42
  ],
  "params": {
    "hidden_dim": 64,
    "num_blocks": 3,
    "dilation_base": 2,
    "k": 2,
    "dropout": 0.1,
    "lr": 0.001,
    "weight_decay": 0.0001,
    "patience": 5
  },
  "final_test_results_file": "/home/suleimane/master/main/master-main/results/smoke/json/simple_pems-bay_GraphWaveNet_22_04_2026-09h_09-epoch_1_final_test_results.json",
  "config_summaries_file": "/home/suleimane/master/main/master-main/results/smoke/json/simple_pems-bay_GraphWaveNet_22_04_2026-09h_09-epoch_1_config_summaries.json",
  "selected_config": {
    "params": {
      "hidden_dim": 64,
      "num_blocks": 3,
      "dilation_base": 2,
      "k": 2,
      "dropout": 0.1,
      "lr": 0.001,
      "weight_decay": 0.0001,
      "patience": 5
    },
    "num_completed_seeds": 1,
    "seeds": [
      42
    ],
    "val_mae_mean": 2.8867244720458984,
    "val_mae_std": 0.0,
    "val_mae_ci95_low": 2.8867244720458984,
    "val_mae_ci95_high": 2.8867244720458984,
    "val_mae_min": 2.8867244720458984,
    "val_mae_max": 2.8867244720458984,
    "val_mae_n": 1,
    "val_rmse_mean": 5.466456890106201,
    "val_rmse_std": 0.0,
    "val_rmse_ci95_low": 5.466456890106201,
    "val_rmse_ci95_high": 5.466456890106201,
    "val_rmse_min": 5.466456890106201,
    "val_rmse_max": 5.466456890106201,
    "val_rmse_n": 1,
    "val_mape_mean": 134002.84375,
    "val_mape_std": 0.0,
    "val_mape_ci95_low": 134002.84375,
    "val_mape_ci95_high": 134002.84375,
    "val_mape_min": 134002.84375,
    "val_mape_max": 134002.84375,
    "val_mape_n": 1,
    "val_smape_mean": 6.090420246124268,
    "val_smape_std": 0.0,
    "val_smape_ci95_low": 6.090420246124268,
    "val_smape_ci95_high": 6.090420246124268,
    "val_smape_min": 6.090420246124268,
    "val_smape_max": 6.090420246124268,
    "val_smape_n": 1,
    "val_wape_mean": 4.648147106170654,
    "val_wape_std": 0.0,
    "val_wape_ci95_low": 4.648147106170654,
    "val_wape_ci95_high": 4.648147106170654,
    "val_wape_min": 4.648147106170654,
    "val_wape_max": 4.648147106170654,
    "val_wape_n": 1,
    "val_loss_normalized_mean": 0.3417632542550564,
    "val_loss_normalized_std": 0.0,
    "val_loss_normalized_ci95_low": 0.3417632542550564,
    "val_loss_normalized_ci95_high": 0.3417632542550564,
    "val_loss_normalized_min": 0.3417632542550564,
    "val_loss_normalized_max": 0.3417632542550564,
    "val_loss_normalized_n": 1
  },
  "final_summary": {
    "timestamp": "2026-04-22T09:16:47.737357",
    "experiment_name": "simple_pems-bay_GraphWaveNet_22_04_2026-09h_09-epoch_1",
    "model": "GraphWaveNet",
    "dataset": "pems-bay",
    "selection_metric": "val_mae",
    "selected_params": {
      "hidden_dim": 64,
      "num_blocks": 3,
      "dilation_base": 2,
      "k": 2,
      "dropout": 0.1,
      "lr": 0.001,
      "weight_decay": 0.0001,
      "patience": 5
    },
    "selected_num_completed_seeds": 1,
    "final_num_completed_seeds": 1,
    "test_mae_mean": 2.680173873901367,
    "test_mae_std": 0.0,
    "test_mae_ci95_low": 2.680173873901367,
    "test_mae_ci95_high": 2.680173873901367,
    "test_mae_min": 2.680173873901367,
    "test_mae_max": 2.680173873901367,
    "test_mae_n": 1,
    "test_rmse_mean": 5.0124831199646,
    "test_rmse_std": 0.0,
    "test_rmse_ci95_low": 5.0124831199646,
    "test_rmse_ci95_high": 5.0124831199646,
    "test_rmse_min": 5.0124831199646,
    "test_rmse_max": 5.0124831199646,
    "test_rmse_n": 1,
    "test_mape_mean": 111281.484375,
    "test_mape_std": 0.0,
    "test_mape_ci95_low": 111281.484375,
    "test_mape_ci95_high": 111281.484375,
    "test_mape_min": 111281.484375,
    "test_mape_max": 111281.484375,
    "test_mape_n": 1,
    "test_smape_mean": 5.484546184539795,
    "test_smape_std": 0.0,
    "test_smape_ci95_low": 5.484546184539795,
    "test_smape_ci95_high": 5.484546184539795,
    "test_smape_min": 5.484546184539795,
    "test_smape_max": 5.484546184539795,
    "test_smape_n": 1,
    "test_wape_mean": 4.290933132171631,
    "test_wape_std": 0.0,
    "test_wape_ci95_low": 4.290933132171631,
    "test_wape_ci95_high": 4.290933132171631,
    "test_wape_min": 4.290933132171631,
    "test_wape_max": 4.290933132171631,
    "test_wape_n": 1,
    "test_loss_normalized_mean": 0.28156875291027905,
    "test_loss_normalized_std": 0.0,
    "test_loss_normalized_ci95_low": 0.28156875291027905,
    "test_loss_normalized_ci95_high": 0.28156875291027905,
    "test_loss_normalized_min": 0.28156875291027905,
    "test_loss_normalized_max": 0.28156875291027905,
    "test_loss_normalized_n": 1,
    "selected_config_summary": {
      "params": {
        "hidden_dim": 64,
        "num_blocks": 3,
        "dilation_base": 2,
        "k": 2,
        "dropout": 0.1,
        "lr": 0.001,
        "weight_decay": 0.0001,
        "patience": 5
      },
      "num_completed_seeds": 1,
      "seeds": [
        42
      ],
      "val_mae_mean": 2.8867244720458984,
      "val_mae_std": 0.0,
      "val_mae_ci95_low": 2.8867244720458984,
      "val_mae_ci95_high": 2.8867244720458984,
      "val_mae_min": 2.8867244720458984,
      "val_mae_max": 2.8867244720458984,
      "val_mae_n": 1,
      "val_rmse_mean": 5.466456890106201,
      "val_rmse_std": 0.0,
      "val_rmse_ci95_low": 5.466456890106201,
      "val_rmse_ci95_high": 5.466456890106201,
      "val_rmse_min": 5.466456890106201,
      "val_rmse_max": 5.466456890106201,
      "val_rmse_n": 1,
      "val_mape_mean": 134002.84375,
      "val_mape_std": 0.0,
      "val_mape_ci95_low": 134002.84375,
      "val_mape_ci95_high": 134002.84375,
      "val_mape_min": 134002.84375,
      "val_mape_max": 134002.84375,
      "val_mape_n": 1,
      "val_smape_mean": 6.090420246124268,
      "val_smape_std": 0.0,
      "val_smape_ci95_low": 6.090420246124268,
      "val_smape_ci95_high": 6.090420246124268,
      "val_smape_min": 6.090420246124268,
      "val_smape_max": 6.090420246124268,
      "val_smape_n": 1,
      "val_wape_mean": 4.648147106170654,
      "val_wape_std": 0.0,
      "val_wape_ci95_low": 4.648147106170654,
      "val_wape_ci95_high": 4.648147106170654,
      "val_wape_min": 4.648147106170654,
      "val_wape_max": 4.648147106170654,
      "val_wape_n": 1,
      "val_loss_normalized_mean": 0.3417632542550564,
      "val_loss_normalized_std": 0.0,
      "val_loss_normalized_ci95_low": 0.3417632542550564,
      "val_loss_normalized_ci95_high": 0.3417632542550564,
      "val_loss_normalized_min": 0.3417632542550564,
      "val_loss_normalized_max": 0.3417632542550564,
      "val_loss_normalized_n": 1
    }
  }
}