{
  "timestamp": "2026-04-22T12:08:48.925068",
  "experiment_name": "simple_backbone_pems-bay-by-disp_fil-with-alpah_filter0_4_GraphWaveNet_22_04_2026-11h_30-epoch_1",
  "model": "GraphWaveNet",
  "dataset": "pems-bay-by-disp_fil-with-alpah_filter0_4",
  "selection_metric": "val_mae",
  "seeds": [
    42
  ],
  "params": {
    "hidden_dim": 64,
    "num_blocks": 3,
    "dilation_base": 2,
    "k": 2,
    "dropout": 0.1,
    "lr": 0.001,
    "weight_decay": 0.0001,
    "patience": 5
  },
  "final_test_results_file": "/home/suleimane/master/main/master-main/results/smoke/json/simple_backbone_pems-bay-by-disp_fil-with-alpah_filter0_4_GraphWaveNet_22_04_2026-11h_30-epoch_1_final_test_results.json",
  "config_summaries_file": "/home/suleimane/master/main/master-main/results/smoke/json/simple_backbone_pems-bay-by-disp_fil-with-alpah_filter0_4_GraphWaveNet_22_04_2026-11h_30-epoch_1_config_summaries.json",
  "selected_config": {
    "params": {
      "hidden_dim": 64,
      "num_blocks": 3,
      "dilation_base": 2,
      "k": 2,
      "dropout": 0.1,
      "lr": 0.001,
      "weight_decay": 0.0001,
      "patience": 5
    },
    "num_completed_seeds": 1,
    "seeds": [
      42
    ],
    "val_mae_mean": 2.6449146270751953,
    "val_mae_std": 0.0,
    "val_mae_ci95_low": 2.6449146270751953,
    "val_mae_ci95_high": 2.6449146270751953,
    "val_mae_min": 2.6449146270751953,
    "val_mae_max": 2.6449146270751953,
    "val_mae_n": 1,
    "val_rmse_mean": 5.479189395904541,
    "val_rmse_std": 0.0,
    "val_rmse_ci95_low": 5.479189395904541,
    "val_rmse_ci95_high": 5.479189395904541,
    "val_rmse_min": 5.479189395904541,
    "val_rmse_max": 5.479189395904541,
    "val_rmse_n": 1,
    "val_mape_mean": 134428.421875,
    "val_mape_std": 0.0,
    "val_mape_ci95_low": 134428.421875,
    "val_mape_ci95_high": 134428.421875,
    "val_mape_min": 134428.421875,
    "val_mape_max": 134428.421875,
    "val_mape_n": 1,
    "val_smape_mean": 5.610703945159912,
    "val_smape_std": 0.0,
    "val_smape_ci95_low": 5.610703945159912,
    "val_smape_ci95_high": 5.610703945159912,
    "val_smape_min": 5.610703945159912,
    "val_smape_max": 5.610703945159912,
    "val_smape_n": 1,
    "val_wape_mean": 4.258790016174316,
    "val_wape_std": 0.0,
    "val_wape_ci95_low": 4.258790016174316,
    "val_wape_ci95_high": 4.258790016174316,
    "val_wape_min": 4.258790016174316,
    "val_wape_max": 4.258790016174316,
    "val_wape_n": 1,
    "val_loss_normalized_mean": 0.3411050313180941,
    "val_loss_normalized_std": 0.0,
    "val_loss_normalized_ci95_low": 0.3411050313180941,
    "val_loss_normalized_ci95_high": 0.3411050313180941,
    "val_loss_normalized_min": 0.3411050313180941,
    "val_loss_normalized_max": 0.3411050313180941,
    "val_loss_normalized_n": 1
  },
  "final_summary": {
    "timestamp": "2026-04-22T12:08:48.922014",
    "experiment_name": "simple_backbone_pems-bay-by-disp_fil-with-alpah_filter0_4_GraphWaveNet_22_04_2026-11h_30-epoch_1",
    "model": "GraphWaveNet",
    "dataset": "pems-bay-by-disp_fil-with-alpah_filter0_4",
    "selection_metric": "val_mae",
    "selected_params": {
      "hidden_dim": 64,
      "num_blocks": 3,
      "dilation_base": 2,
      "k": 2,
      "dropout": 0.1,
      "lr": 0.001,
      "weight_decay": 0.0001,
      "patience": 5
    },
    "selected_num_completed_seeds": 1,
    "final_num_completed_seeds": 1,
    "test_mae_mean": 2.4358410835266113,
    "test_mae_std": 0.0,
    "test_mae_ci95_low": 2.4358410835266113,
    "test_mae_ci95_high": 2.4358410835266113,
    "test_mae_min": 2.4358410835266113,
    "test_mae_max": 2.4358410835266113,
    "test_mae_n": 1,
    "test_rmse_mean": 5.003248691558838,
    "test_rmse_std": 0.0,
    "test_rmse_ci95_low": 5.003248691558838,
    "test_rmse_ci95_high": 5.003248691558838,
    "test_rmse_min": 5.003248691558838,
    "test_rmse_max": 5.003248691558838,
    "test_rmse_n": 1,
    "test_mape_mean": 112081.7890625,
    "test_mape_std": 0.0,
    "test_mape_ci95_low": 112081.7890625,
    "test_mape_ci95_high": 112081.7890625,
    "test_mape_min": 112081.7890625,
    "test_mape_max": 112081.7890625,
    "test_mape_n": 1,
    "test_smape_mean": 5.020855903625488,
    "test_smape_std": 0.0,
    "test_smape_ci95_low": 5.020855903625488,
    "test_smape_ci95_high": 5.020855903625488,
    "test_smape_min": 5.020855903625488,
    "test_smape_max": 5.020855903625488,
    "test_smape_n": 1,
    "test_wape_mean": 3.89975905418396,
    "test_wape_std": 0.0,
    "test_wape_ci95_low": 3.89975905418396,
    "test_wape_ci95_high": 3.89975905418396,
    "test_wape_min": 3.89975905418396,
    "test_wape_max": 3.89975905418396,
    "test_wape_n": 1,
    "test_loss_normalized_mean": 0.2804407588337645,
    "test_loss_normalized_std": 0.0,
    "test_loss_normalized_ci95_low": 0.2804407588337645,
    "test_loss_normalized_ci95_high": 0.2804407588337645,
    "test_loss_normalized_min": 0.2804407588337645,
    "test_loss_normalized_max": 0.2804407588337645,
    "test_loss_normalized_n": 1,
    "selected_config_summary": {
      "params": {
        "hidden_dim": 64,
        "num_blocks": 3,
        "dilation_base": 2,
        "k": 2,
        "dropout": 0.1,
        "lr": 0.001,
        "weight_decay": 0.0001,
        "patience": 5
      },
      "num_completed_seeds": 1,
      "seeds": [
        42
      ],
      "val_mae_mean": 2.6449146270751953,
      "val_mae_std": 0.0,
      "val_mae_ci95_low": 2.6449146270751953,
      "val_mae_ci95_high": 2.6449146270751953,
      "val_mae_min": 2.6449146270751953,
      "val_mae_max": 2.6449146270751953,
      "val_mae_n": 1,
      "val_rmse_mean": 5.479189395904541,
      "val_rmse_std": 0.0,
      "val_rmse_ci95_low": 5.479189395904541,
      "val_rmse_ci95_high": 5.479189395904541,
      "val_rmse_min": 5.479189395904541,
      "val_rmse_max": 5.479189395904541,
      "val_rmse_n": 1,
      "val_mape_mean": 134428.421875,
      "val_mape_std": 0.0,
      "val_mape_ci95_low": 134428.421875,
      "val_mape_ci95_high": 134428.421875,
      "val_mape_min": 134428.421875,
      "val_mape_max": 134428.421875,
      "val_mape_n": 1,
      "val_smape_mean": 5.610703945159912,
      "val_smape_std": 0.0,
      "val_smape_ci95_low": 5.610703945159912,
      "val_smape_ci95_high": 5.610703945159912,
      "val_smape_min": 5.610703945159912,
      "val_smape_max": 5.610703945159912,
      "val_smape_n": 1,
      "val_wape_mean": 4.258790016174316,
      "val_wape_std": 0.0,
      "val_wape_ci95_low": 4.258790016174316,
      "val_wape_ci95_high": 4.258790016174316,
      "val_wape_min": 4.258790016174316,
      "val_wape_max": 4.258790016174316,
      "val_wape_n": 1,
      "val_loss_normalized_mean": 0.3411050313180941,
      "val_loss_normalized_std": 0.0,
      "val_loss_normalized_ci95_low": 0.3411050313180941,
      "val_loss_normalized_ci95_high": 0.3411050313180941,
      "val_loss_normalized_min": 0.3411050313180941,
      "val_loss_normalized_max": 0.3411050313180941,
      "val_loss_normalized_n": 1
    }
  }
}