{
  "mae": 2.1935274600982666,
  "rmse": 4.740373611450195,
  "mape": 112129.3359375
}