{
  "mae": 7.020486831665039,
  "rmse": 12.361699104309082,
  "mape": 20023928832.0
}