{
  "timestamp": "2026-04-23T00:07:34.393102",
  "experiment_name": "simple_backbone_pems-bay-by-high_sal-with-alpah_filter0_4_STICformer_22_04_2026-17h_33-epoch_30",
  "model": "STICformer",
  "dataset": "pems-bay-by-high_sal-with-alpah_filter0_4",
  "selection_metric": "val_mae",
  "seeds": [
    42
  ],
  "params": {
    "hidden_dim": 64,
    "num_layers": 2,
    "num_heads": 4,
    "ff_multiplier": 2,
    "dropout": 0.1,
    "lr": 0.001,
    "weight_decay": 0.0001,
    "patience": 5
  },
  "final_test_results_file": "/media/work/suleimaneducure/codes/master-main/results/smoke/json/simple_backbone_pems-bay-by-high_sal-with-alpah_filter0_4_STICformer_22_04_2026-17h_33-epoch_30_final_test_results.json",
  "config_summaries_file": "/media/work/suleimaneducure/codes/master-main/results/smoke/json/simple_backbone_pems-bay-by-high_sal-with-alpah_filter0_4_STICformer_22_04_2026-17h_33-epoch_30_config_summaries.json",
  "selected_config": {
    "params": {
      "hidden_dim": 64,
      "num_layers": 2,
      "num_heads": 4,
      "ff_multiplier": 2,
      "dropout": 0.1,
      "lr": 0.001,
      "weight_decay": 0.0001,
      "patience": 5
    },
    "num_completed_seeds": 1,
    "seeds": [
      42
    ],
    "val_mae_mean": 2.0331733226776123,
    "val_mae_std": 0.0,
    "val_mae_ci95_low": 2.0331733226776123,
    "val_mae_ci95_high": 2.0331733226776123,
    "val_mae_min": 2.0331733226776123,
    "val_mae_max": 2.0331733226776123,
    "val_mae_n": 1,
    "val_rmse_mean": 4.345834255218506,
    "val_rmse_std": 0.0,
    "val_rmse_ci95_low": 4.345834255218506,
    "val_rmse_ci95_high": 4.345834255218506,
    "val_rmse_min": 4.345834255218506,
    "val_rmse_max": 4.345834255218506,
    "val_rmse_n": 1,
    "val_mape_mean": 50293568.0,
    "val_mape_std": 0.0,
    "val_mape_ci95_low": 50293568.0,
    "val_mape_ci95_high": 50293568.0,
    "val_mape_min": 50293568.0,
    "val_mape_max": 50293568.0,
    "val_mape_n": 1,
    "val_smape_mean": 4.185766220092773,
    "val_smape_std": 0.0,
    "val_smape_ci95_low": 4.185766220092773,
    "val_smape_ci95_high": 4.185766220092773,
    "val_smape_min": 4.185766220092773,
    "val_smape_max": 4.185766220092773,
    "val_smape_n": 1,
    "val_wape_mean": 3.2656843662261963,
    "val_wape_std": 0.0,
    "val_wape_ci95_low": 3.2656843662261963,
    "val_wape_ci95_high": 3.2656843662261963,
    "val_wape_min": 3.2656843662261963,
    "val_wape_max": 3.2656843662261963,
    "val_wape_n": 1,
    "val_loss_normalized_mean": 0.21865204025768428,
    "val_loss_normalized_std": 0.0,
    "val_loss_normalized_ci95_low": 0.21865204025768428,
    "val_loss_normalized_ci95_high": 0.21865204025768428,
    "val_loss_normalized_min": 0.21865204025768428,
    "val_loss_normalized_max": 0.21865204025768428,
    "val_loss_normalized_n": 1
  },
  "final_summary": {
    "timestamp": "2026-04-23T00:07:34.371307",
    "experiment_name": "simple_backbone_pems-bay-by-high_sal-with-alpah_filter0_4_STICformer_22_04_2026-17h_33-epoch_30",
    "model": "STICformer",
    "dataset": "pems-bay-by-high_sal-with-alpah_filter0_4",
    "selection_metric": "val_mae",
    "selected_params": {
      "hidden_dim": 64,
      "num_layers": 2,
      "num_heads": 4,
      "ff_multiplier": 2,
      "dropout": 0.1,
      "lr": 0.001,
      "weight_decay": 0.0001,
      "patience": 5
    },
    "selected_num_completed_seeds": 1,
    "final_num_completed_seeds": 1,
    "test_mae_mean": 1.9132299423217773,
    "test_mae_std": 0.0,
    "test_mae_ci95_low": 1.9132299423217773,
    "test_mae_ci95_high": 1.9132299423217773,
    "test_mae_min": 1.9132299423217773,
    "test_mae_max": 1.9132299423217773,
    "test_mae_n": 1,
    "test_rmse_mean": 4.115521430969238,
    "test_rmse_std": 0.0,
    "test_rmse_ci95_low": 4.115521430969238,
    "test_rmse_ci95_high": 4.115521430969238,
    "test_rmse_min": 4.115521430969238,
    "test_rmse_max": 4.115521430969238,
    "test_rmse_n": 1,
    "test_mape_mean": 40183180.0,
    "test_mape_std": 0.0,
    "test_mape_ci95_low": 40183180.0,
    "test_mape_ci95_high": 40183180.0,
    "test_mape_min": 40183180.0,
    "test_mape_max": 40183180.0,
    "test_mape_n": 1,
    "test_smape_mean": 3.8427531719207764,
    "test_smape_std": 0.0,
    "test_smape_ci95_low": 3.8427531719207764,
    "test_smape_ci95_high": 3.8427531719207764,
    "test_smape_min": 3.8427531719207764,
    "test_smape_max": 3.8427531719207764,
    "test_smape_n": 1,
    "test_wape_mean": 3.0545406341552734,
    "test_wape_std": 0.0,
    "test_wape_ci95_low": 3.0545406341552734,
    "test_wape_ci95_high": 3.0545406341552734,
    "test_wape_min": 3.0545406341552734,
    "test_wape_max": 3.0545406341552734,
    "test_wape_n": 1,
    "test_loss_normalized_mean": 0.19417033666756256,
    "test_loss_normalized_std": 0.0,
    "test_loss_normalized_ci95_low": 0.19417033666756256,
    "test_loss_normalized_ci95_high": 0.19417033666756256,
    "test_loss_normalized_min": 0.19417033666756256,
    "test_loss_normalized_max": 0.19417033666756256,
    "test_loss_normalized_n": 1,
    "selected_config_summary": {
      "params": {
        "hidden_dim": 64,
        "num_layers": 2,
        "num_heads": 4,
        "ff_multiplier": 2,
        "dropout": 0.1,
        "lr": 0.001,
        "weight_decay": 0.0001,
        "patience": 5
      },
      "num_completed_seeds": 1,
      "seeds": [
        42
      ],
      "val_mae_mean": 2.0331733226776123,
      "val_mae_std": 0.0,
      "val_mae_ci95_low": 2.0331733226776123,
      "val_mae_ci95_high": 2.0331733226776123,
      "val_mae_min": 2.0331733226776123,
      "val_mae_max": 2.0331733226776123,
      "val_mae_n": 1,
      "val_rmse_mean": 4.345834255218506,
      "val_rmse_std": 0.0,
      "val_rmse_ci95_low": 4.345834255218506,
      "val_rmse_ci95_high": 4.345834255218506,
      "val_rmse_min": 4.345834255218506,
      "val_rmse_max": 4.345834255218506,
      "val_rmse_n": 1,
      "val_mape_mean": 50293568.0,
      "val_mape_std": 0.0,
      "val_mape_ci95_low": 50293568.0,
      "val_mape_ci95_high": 50293568.0,
      "val_mape_min": 50293568.0,
      "val_mape_max": 50293568.0,
      "val_mape_n": 1,
      "val_smape_mean": 4.185766220092773,
      "val_smape_std": 0.0,
      "val_smape_ci95_low": 4.185766220092773,
      "val_smape_ci95_high": 4.185766220092773,
      "val_smape_min": 4.185766220092773,
      "val_smape_max": 4.185766220092773,
      "val_smape_n": 1,
      "val_wape_mean": 3.2656843662261963,
      "val_wape_std": 0.0,
      "val_wape_ci95_low": 3.2656843662261963,
      "val_wape_ci95_high": 3.2656843662261963,
      "val_wape_min": 3.2656843662261963,
      "val_wape_max": 3.2656843662261963,
      "val_wape_n": 1,
      "val_loss_normalized_mean": 0.21865204025768428,
      "val_loss_normalized_std": 0.0,
      "val_loss_normalized_ci95_low": 0.21865204025768428,
      "val_loss_normalized_ci95_high": 0.21865204025768428,
      "val_loss_normalized_min": 0.21865204025768428,
      "val_loss_normalized_max": 0.21865204025768428,
      "val_loss_normalized_n": 1
    }
  }
}