{
  "mae": 2.2749547958374023,
  "rmse": 4.8441667556762695,
  "mape": 111710.28125
}