{
  "timestamp": "2026-04-22T11:55:39.269950",
  "experiment_name": "simple_backbone_metr-la-by-high_sal-with-alpah_filter0_4_GraphWaveNet_22_04_2026-11h_30-epoch_1",
  "model": "GraphWaveNet",
  "dataset": "metr-la-by-high_sal-with-alpah_filter0_4",
  "selection_metric": "val_mae",
  "seeds": [
    42
  ],
  "params": {
    "hidden_dim": 64,
    "num_blocks": 3,
    "dilation_base": 2,
    "k": 2,
    "dropout": 0.1,
    "lr": 0.001,
    "weight_decay": 0.0001,
    "patience": 5
  },
  "final_test_results_file": "/home/suleimane/master/main/master-main/results/smoke/json/simple_backbone_metr-la-by-high_sal-with-alpah_filter0_4_GraphWaveNet_22_04_2026-11h_30-epoch_1_final_test_results.json",
  "config_summaries_file": "/home/suleimane/master/main/master-main/results/smoke/json/simple_backbone_metr-la-by-high_sal-with-alpah_filter0_4_GraphWaveNet_22_04_2026-11h_30-epoch_1_config_summaries.json",
  "selected_config": {
    "params": {
      "hidden_dim": 64,
      "num_blocks": 3,
      "dilation_base": 2,
      "k": 2,
      "dropout": 0.1,
      "lr": 0.001,
      "weight_decay": 0.0001,
      "patience": 5
    },
    "num_completed_seeds": 1,
    "seeds": [
      42
    ],
    "val_mae_mean": 6.320956230163574,
    "val_mae_std": 0.0,
    "val_mae_ci95_low": 6.320956230163574,
    "val_mae_ci95_high": 6.320956230163574,
    "val_mae_min": 6.320956230163574,
    "val_mae_max": 6.320956230163574,
    "val_mae_n": 1,
    "val_rmse_mean": 11.275915145874023,
    "val_rmse_std": 0.0,
    "val_rmse_ci95_low": 11.275915145874023,
    "val_rmse_ci95_high": 11.275915145874023,
    "val_rmse_min": 11.275915145874023,
    "val_rmse_max": 11.275915145874023,
    "val_rmse_n": 1,
    "val_mape_mean": 13715139584.0,
    "val_mape_std": 0.0,
    "val_mape_ci95_low": 13715139584.0,
    "val_mape_ci95_high": 13715139584.0,
    "val_mape_min": 13715139584.0,
    "val_mape_max": 13715139584.0,
    "val_mape_n": 1,
    "val_smape_mean": 24.069271087646484,
    "val_smape_std": 0.0,
    "val_smape_ci95_low": 24.069271087646484,
    "val_smape_ci95_high": 24.069271087646484,
    "val_smape_min": 24.069271087646484,
    "val_smape_max": 24.069271087646484,
    "val_smape_n": 1,
    "val_wape_mean": 11.467854499816895,
    "val_wape_std": 0.0,
    "val_wape_ci95_low": 11.467854499816895,
    "val_wape_ci95_high": 11.467854499816895,
    "val_wape_min": 11.467854499816895,
    "val_wape_max": 11.467854499816895,
    "val_wape_n": 1,
    "val_loss_normalized_mean": 0.33898956882201625,
    "val_loss_normalized_std": 0.0,
    "val_loss_normalized_ci95_low": 0.33898956882201625,
    "val_loss_normalized_ci95_high": 0.33898956882201625,
    "val_loss_normalized_min": 0.33898956882201625,
    "val_loss_normalized_max": 0.33898956882201625,
    "val_loss_normalized_n": 1
  },
  "final_summary": {
    "timestamp": "2026-04-22T11:55:39.265945",
    "experiment_name": "simple_backbone_metr-la-by-high_sal-with-alpah_filter0_4_GraphWaveNet_22_04_2026-11h_30-epoch_1",
    "model": "GraphWaveNet",
    "dataset": "metr-la-by-high_sal-with-alpah_filter0_4",
    "selection_metric": "val_mae",
    "selected_params": {
      "hidden_dim": 64,
      "num_blocks": 3,
      "dilation_base": 2,
      "k": 2,
      "dropout": 0.1,
      "lr": 0.001,
      "weight_decay": 0.0001,
      "patience": 5
    },
    "selected_num_completed_seeds": 1,
    "final_num_completed_seeds": 1,
    "test_mae_mean": 7.181782245635986,
    "test_mae_std": 0.0,
    "test_mae_ci95_low": 7.181782245635986,
    "test_mae_ci95_high": 7.181782245635986,
    "test_mae_min": 7.181782245635986,
    "test_mae_max": 7.181782245635986,
    "test_mae_n": 1,
    "test_rmse_mean": 12.413799285888672,
    "test_rmse_std": 0.0,
    "test_rmse_ci95_low": 12.413799285888672,
    "test_rmse_ci95_high": 12.413799285888672,
    "test_rmse_min": 12.413799285888672,
    "test_rmse_max": 12.413799285888672,
    "test_rmse_n": 1,
    "test_mape_mean": 20734009344.0,
    "test_mape_std": 0.0,
    "test_mape_ci95_low": 20734009344.0,
    "test_mape_ci95_high": 20734009344.0,
    "test_mape_min": 20734009344.0,
    "test_mape_max": 20734009344.0,
    "test_mape_n": 1,
    "test_smape_mean": 35.500850677490234,
    "test_smape_std": 0.0,
    "test_smape_ci95_low": 35.500850677490234,
    "test_smape_ci95_high": 35.500850677490234,
    "test_smape_min": 35.500850677490234,
    "test_smape_max": 35.500850677490234,
    "test_smape_n": 1,
    "test_wape_mean": 14.117086410522461,
    "test_wape_std": 0.0,
    "test_wape_ci95_low": 14.117086410522461,
    "test_wape_ci95_high": 14.117086410522461,
    "test_wape_min": 14.117086410522461,
    "test_wape_max": 14.117086410522461,
    "test_wape_n": 1,
    "test_loss_normalized_mean": 0.4113812075805998,
    "test_loss_normalized_std": 0.0,
    "test_loss_normalized_ci95_low": 0.4113812075805998,
    "test_loss_normalized_ci95_high": 0.4113812075805998,
    "test_loss_normalized_min": 0.4113812075805998,
    "test_loss_normalized_max": 0.4113812075805998,
    "test_loss_normalized_n": 1,
    "selected_config_summary": {
      "params": {
        "hidden_dim": 64,
        "num_blocks": 3,
        "dilation_base": 2,
        "k": 2,
        "dropout": 0.1,
        "lr": 0.001,
        "weight_decay": 0.0001,
        "patience": 5
      },
      "num_completed_seeds": 1,
      "seeds": [
        42
      ],
      "val_mae_mean": 6.320956230163574,
      "val_mae_std": 0.0,
      "val_mae_ci95_low": 6.320956230163574,
      "val_mae_ci95_high": 6.320956230163574,
      "val_mae_min": 6.320956230163574,
      "val_mae_max": 6.320956230163574,
      "val_mae_n": 1,
      "val_rmse_mean": 11.275915145874023,
      "val_rmse_std": 0.0,
      "val_rmse_ci95_low": 11.275915145874023,
      "val_rmse_ci95_high": 11.275915145874023,
      "val_rmse_min": 11.275915145874023,
      "val_rmse_max": 11.275915145874023,
      "val_rmse_n": 1,
      "val_mape_mean": 13715139584.0,
      "val_mape_std": 0.0,
      "val_mape_ci95_low": 13715139584.0,
      "val_mape_ci95_high": 13715139584.0,
      "val_mape_min": 13715139584.0,
      "val_mape_max": 13715139584.0,
      "val_mape_n": 1,
      "val_smape_mean": 24.069271087646484,
      "val_smape_std": 0.0,
      "val_smape_ci95_low": 24.069271087646484,
      "val_smape_ci95_high": 24.069271087646484,
      "val_smape_min": 24.069271087646484,
      "val_smape_max": 24.069271087646484,
      "val_smape_n": 1,
      "val_wape_mean": 11.467854499816895,
      "val_wape_std": 0.0,
      "val_wape_ci95_low": 11.467854499816895,
      "val_wape_ci95_high": 11.467854499816895,
      "val_wape_min": 11.467854499816895,
      "val_wape_max": 11.467854499816895,
      "val_wape_n": 1,
      "val_loss_normalized_mean": 0.33898956882201625,
      "val_loss_normalized_std": 0.0,
      "val_loss_normalized_ci95_low": 0.33898956882201625,
      "val_loss_normalized_ci95_high": 0.33898956882201625,
      "val_loss_normalized_min": 0.33898956882201625,
      "val_loss_normalized_max": 0.33898956882201625,
      "val_loss_normalized_n": 1
    }
  }
}