{
  "timestamp": "2026-04-22T12:02:29.392670",
  "experiment_name": "simple_backbone_metr-la-by-high_sal-with-alpah_filter0_4_STICformer_22_04_2026-11h_30-epoch_1",
  "model": "STICformer",
  "dataset": "metr-la-by-high_sal-with-alpah_filter0_4",
  "selection_metric": "val_mae",
  "seeds": [
    42
  ],
  "params": {
    "hidden_dim": 64,
    "num_layers": 2,
    "num_heads": 4,
    "ff_multiplier": 2,
    "dropout": 0.1,
    "lr": 0.001,
    "weight_decay": 0.0001,
    "patience": 5
  },
  "final_test_results_file": "/home/suleimane/master/main/master-main/results/smoke/json/simple_backbone_metr-la-by-high_sal-with-alpah_filter0_4_STICformer_22_04_2026-11h_30-epoch_1_final_test_results.json",
  "config_summaries_file": "/home/suleimane/master/main/master-main/results/smoke/json/simple_backbone_metr-la-by-high_sal-with-alpah_filter0_4_STICformer_22_04_2026-11h_30-epoch_1_config_summaries.json",
  "selected_config": {
    "params": {
      "hidden_dim": 64,
      "num_layers": 2,
      "num_heads": 4,
      "ff_multiplier": 2,
      "dropout": 0.1,
      "lr": 0.001,
      "weight_decay": 0.0001,
      "patience": 5
    },
    "num_completed_seeds": 1,
    "seeds": [
      42
    ],
    "val_mae_mean": 5.573419570922852,
    "val_mae_std": 0.0,
    "val_mae_ci95_low": 5.573419570922852,
    "val_mae_ci95_high": 5.573419570922852,
    "val_mae_min": 5.573419570922852,
    "val_mae_max": 5.573419570922852,
    "val_mae_n": 1,
    "val_rmse_mean": 10.85152816772461,
    "val_rmse_std": 0.0,
    "val_rmse_ci95_low": 10.85152816772461,
    "val_rmse_ci95_high": 10.85152816772461,
    "val_rmse_min": 10.85152816772461,
    "val_rmse_max": 10.85152816772461,
    "val_rmse_n": 1,
    "val_mape_mean": 13154972672.0,
    "val_mape_std": 0.0,
    "val_mape_ci95_low": 13154972672.0,
    "val_mape_ci95_high": 13154972672.0,
    "val_mape_min": 13154972672.0,
    "val_mape_max": 13154972672.0,
    "val_mape_n": 1,
    "val_smape_mean": 22.943180084228516,
    "val_smape_std": 0.0,
    "val_smape_ci95_low": 22.943180084228516,
    "val_smape_ci95_high": 22.943180084228516,
    "val_smape_min": 22.943180084228516,
    "val_smape_max": 22.943180084228516,
    "val_smape_n": 1,
    "val_wape_mean": 10.111629486083984,
    "val_wape_std": 0.0,
    "val_wape_ci95_low": 10.111629486083984,
    "val_wape_ci95_high": 10.111629486083984,
    "val_wape_min": 10.111629486083984,
    "val_wape_max": 10.111629486083984,
    "val_wape_n": 1,
    "val_loss_normalized_mean": 0.3139654932212885,
    "val_loss_normalized_std": 0.0,
    "val_loss_normalized_ci95_low": 0.3139654932212885,
    "val_loss_normalized_ci95_high": 0.3139654932212885,
    "val_loss_normalized_min": 0.3139654932212885,
    "val_loss_normalized_max": 0.3139654932212885,
    "val_loss_normalized_n": 1
  },
  "final_summary": {
    "timestamp": "2026-04-22T12:02:29.388820",
    "experiment_name": "simple_backbone_metr-la-by-high_sal-with-alpah_filter0_4_STICformer_22_04_2026-11h_30-epoch_1",
    "model": "STICformer",
    "dataset": "metr-la-by-high_sal-with-alpah_filter0_4",
    "selection_metric": "val_mae",
    "selected_params": {
      "hidden_dim": 64,
      "num_layers": 2,
      "num_heads": 4,
      "ff_multiplier": 2,
      "dropout": 0.1,
      "lr": 0.001,
      "weight_decay": 0.0001,
      "patience": 5
    },
    "selected_num_completed_seeds": 1,
    "final_num_completed_seeds": 1,
    "test_mae_mean": 6.432498931884766,
    "test_mae_std": 0.0,
    "test_mae_ci95_low": 6.432498931884766,
    "test_mae_ci95_high": 6.432498931884766,
    "test_mae_min": 6.432498931884766,
    "test_mae_max": 6.432498931884766,
    "test_mae_n": 1,
    "test_rmse_mean": 11.987882614135742,
    "test_rmse_std": 0.0,
    "test_rmse_ci95_low": 11.987882614135742,
    "test_rmse_ci95_high": 11.987882614135742,
    "test_rmse_min": 11.987882614135742,
    "test_rmse_max": 11.987882614135742,
    "test_rmse_n": 1,
    "test_mape_mean": 19988510720.0,
    "test_mape_std": 0.0,
    "test_mape_ci95_low": 19988510720.0,
    "test_mape_ci95_high": 19988510720.0,
    "test_mape_min": 19988510720.0,
    "test_mape_max": 19988510720.0,
    "test_mape_n": 1,
    "test_smape_mean": 34.38218688964844,
    "test_smape_std": 0.0,
    "test_smape_ci95_low": 34.38218688964844,
    "test_smape_ci95_high": 34.38218688964844,
    "test_smape_min": 34.38218688964844,
    "test_smape_max": 34.38218688964844,
    "test_smape_n": 1,
    "test_wape_mean": 12.644235610961914,
    "test_wape_std": 0.0,
    "test_wape_ci95_low": 12.644235610961914,
    "test_wape_ci95_high": 12.644235610961914,
    "test_wape_min": 12.644235610961914,
    "test_wape_max": 12.644235610961914,
    "test_wape_n": 1,
    "test_loss_normalized_mean": 0.3836499347795393,
    "test_loss_normalized_std": 0.0,
    "test_loss_normalized_ci95_low": 0.3836499347795393,
    "test_loss_normalized_ci95_high": 0.3836499347795393,
    "test_loss_normalized_min": 0.3836499347795393,
    "test_loss_normalized_max": 0.3836499347795393,
    "test_loss_normalized_n": 1,
    "selected_config_summary": {
      "params": {
        "hidden_dim": 64,
        "num_layers": 2,
        "num_heads": 4,
        "ff_multiplier": 2,
        "dropout": 0.1,
        "lr": 0.001,
        "weight_decay": 0.0001,
        "patience": 5
      },
      "num_completed_seeds": 1,
      "seeds": [
        42
      ],
      "val_mae_mean": 5.573419570922852,
      "val_mae_std": 0.0,
      "val_mae_ci95_low": 5.573419570922852,
      "val_mae_ci95_high": 5.573419570922852,
      "val_mae_min": 5.573419570922852,
      "val_mae_max": 5.573419570922852,
      "val_mae_n": 1,
      "val_rmse_mean": 10.85152816772461,
      "val_rmse_std": 0.0,
      "val_rmse_ci95_low": 10.85152816772461,
      "val_rmse_ci95_high": 10.85152816772461,
      "val_rmse_min": 10.85152816772461,
      "val_rmse_max": 10.85152816772461,
      "val_rmse_n": 1,
      "val_mape_mean": 13154972672.0,
      "val_mape_std": 0.0,
      "val_mape_ci95_low": 13154972672.0,
      "val_mape_ci95_high": 13154972672.0,
      "val_mape_min": 13154972672.0,
      "val_mape_max": 13154972672.0,
      "val_mape_n": 1,
      "val_smape_mean": 22.943180084228516,
      "val_smape_std": 0.0,
      "val_smape_ci95_low": 22.943180084228516,
      "val_smape_ci95_high": 22.943180084228516,
      "val_smape_min": 22.943180084228516,
      "val_smape_max": 22.943180084228516,
      "val_smape_n": 1,
      "val_wape_mean": 10.111629486083984,
      "val_wape_std": 0.0,
      "val_wape_ci95_low": 10.111629486083984,
      "val_wape_ci95_high": 10.111629486083984,
      "val_wape_min": 10.111629486083984,
      "val_wape_max": 10.111629486083984,
      "val_wape_n": 1,
      "val_loss_normalized_mean": 0.3139654932212885,
      "val_loss_normalized_std": 0.0,
      "val_loss_normalized_ci95_low": 0.3139654932212885,
      "val_loss_normalized_ci95_high": 0.3139654932212885,
      "val_loss_normalized_min": 0.3139654932212885,
      "val_loss_normalized_max": 0.3139654932212885,
      "val_loss_normalized_n": 1
    }
  }
}