{
  "mae": 2.4358410835266113,
  "rmse": 5.003248691558838,
  "mape": 112081.7890625
}