{
  "mae": 6.334065914154053,
  "rmse": 12.09099006652832,
  "mape": 18895151104.0
}