{
  "timestamp": "2026-04-07T19:38:11.502916",
  "experiment_name": "backbone_metr-la-by-disp_fil-with-alpah_filter0_1_DCRNN_07_04_2026-19h_34-epoch_2",
  "model": "DCRNN",
  "dataset": "metr-la-by-disp_fil-with-alpah_filter0_1",
  "selection_metric": "val_mae",
  "seeds": [
    42
  ],
  "trial_results_file": "results/backbone/json/backbone_metr-la-by-disp_fil-with-alpah_filter0_1_DCRNN_07_04_2026-19h_34-epoch_2_trial_results.json",
  "config_summaries_file": "results/backbone/json/backbone_metr-la-by-disp_fil-with-alpah_filter0_1_DCRNN_07_04_2026-19h_34-epoch_2_config_summaries.json",
  "selected_config": {
    "params": {
      "input_dim": 1,
      "hidden_dim": 64,
      "output_dim": 1,
      "seq_len": 12,
      "horizon": 12,
      "k": 2,
      "dropout": 0.1,
      "lr": 0.001,
      "weight_decay": 0.0001,
      "epochs": 2,
      "patience": 5,
      "use_scheduled_sampling": false,
      "teacher_forcing_ratio": 0.5
    },
    "num_completed_seeds": 1,
    "seeds": [
      42
    ],
    "val_mae_mean": 6.098601818084717,
    "val_mae_std": 0.0,
    "val_mae_ci95_low": 6.098601818084717,
    "val_mae_ci95_high": 6.098601818084717,
    "val_mae_min": 6.098601818084717,
    "val_mae_max": 6.098601818084717,
    "val_mae_n": 1,
    "val_rmse_mean": 11.574466705322266,
    "val_rmse_std": 0.0,
    "val_rmse_ci95_low": 11.574466705322266,
    "val_rmse_ci95_high": 11.574466705322266,
    "val_rmse_min": 11.574466705322266,
    "val_rmse_max": 11.574466705322266,
    "val_rmse_n": 1,
    "val_mape_mean": 11449539200.0,
    "val_mape_std": 0.0,
    "val_mape_ci95_low": 11449539200.0,
    "val_mape_ci95_high": 11449539200.0,
    "val_mape_min": 11449539200.0,
    "val_mape_max": 11449539200.0,
    "val_mape_n": 1,
    "val_smape_mean": 24.712000787258148,
    "val_smape_std": 0.0,
    "val_smape_ci95_low": 24.712000787258148,
    "val_smape_ci95_high": 24.712000787258148,
    "val_smape_min": 24.712000787258148,
    "val_smape_max": 24.712000787258148,
    "val_smape_n": 1,
    "val_wape_mean": 11.125822000331814,
    "val_wape_std": 0.0,
    "val_wape_ci95_low": 11.125822000331814,
    "val_wape_ci95_high": 11.125822000331814,
    "val_wape_min": 11.125822000331814,
    "val_wape_max": 11.125822000331814,
    "val_wape_n": 1,
    "val_loss_normalized_mean": 0.34433113700813717,
    "val_loss_normalized_std": 0.0,
    "val_loss_normalized_ci95_low": 0.34433113700813717,
    "val_loss_normalized_ci95_high": 0.34433113700813717,
    "val_loss_normalized_min": 0.34433113700813717,
    "val_loss_normalized_max": 0.34433113700813717,
    "val_loss_normalized_n": 1
  }
}