{
  "timestamp": "2026-04-07T20:17:31.349408",
  "experiment_name": "backbone_metr-la-by-disp_fil-with-alpah_filter0_1_DGCRN_07_04_2026-19h_34-epoch_2",
  "model": "DGCRN",
  "dataset": "metr-la-by-disp_fil-with-alpah_filter0_1",
  "selection_metric": "val_mae",
  "seeds": [
    42
  ],
  "trial_results_file": "results/backbone/json/backbone_metr-la-by-disp_fil-with-alpah_filter0_1_DGCRN_07_04_2026-19h_34-epoch_2_trial_results.json",
  "config_summaries_file": "results/backbone/json/backbone_metr-la-by-disp_fil-with-alpah_filter0_1_DGCRN_07_04_2026-19h_34-epoch_2_config_summaries.json",
  "selected_config": {
    "params": {
      "input_dim": 1,
      "hidden_dim": 64,
      "output_dim": 1,
      "seq_len": 12,
      "horizon": 12,
      "node_dim": 16,
      "gcn_depth": 2,
      "dropout": 0.1,
      "lr": 0.001,
      "weight_decay": 0.0001,
      "epochs": 2,
      "patience": 5
    },
    "num_completed_seeds": 1,
    "seeds": [
      42
    ],
    "val_mae_mean": 5.624992370605469,
    "val_mae_std": 0.0,
    "val_mae_ci95_low": 5.624992370605469,
    "val_mae_ci95_high": 5.624992370605469,
    "val_mae_min": 5.624992370605469,
    "val_mae_max": 5.624992370605469,
    "val_mae_n": 1,
    "val_rmse_mean": 11.191299438476562,
    "val_rmse_std": 0.0,
    "val_rmse_ci95_low": 11.191299438476562,
    "val_rmse_ci95_high": 11.191299438476562,
    "val_rmse_min": 11.191299438476562,
    "val_rmse_max": 11.191299438476562,
    "val_rmse_n": 1,
    "val_mape_mean": 10070142400.0,
    "val_mape_std": 0.0,
    "val_mape_ci95_low": 10070142400.0,
    "val_mape_ci95_high": 10070142400.0,
    "val_mape_min": 10070142400.0,
    "val_mape_max": 10070142400.0,
    "val_mape_n": 1,
    "val_smape_mean": 24.215520918369293,
    "val_smape_std": 0.0,
    "val_smape_ci95_low": 24.215520918369293,
    "val_smape_ci95_high": 24.215520918369293,
    "val_smape_min": 24.215520918369293,
    "val_smape_max": 24.215520918369293,
    "val_smape_n": 1,
    "val_wape_mean": 10.261805772317325,
    "val_wape_std": 0.0,
    "val_wape_ci95_low": 10.261805772317325,
    "val_wape_ci95_high": 10.261805772317325,
    "val_wape_min": 10.261805772317325,
    "val_wape_max": 10.261805772317325,
    "val_wape_n": 1,
    "val_loss_normalized_mean": 0.3217690344554959,
    "val_loss_normalized_std": 0.0,
    "val_loss_normalized_ci95_low": 0.3217690344554959,
    "val_loss_normalized_ci95_high": 0.3217690344554959,
    "val_loss_normalized_min": 0.3217690344554959,
    "val_loss_normalized_max": 0.3217690344554959,
    "val_loss_normalized_n": 1
  }
}