{
  "timestamp": "2026-04-07T19:49:53.149751",
  "experiment_name": "backbone_metr-la-by-disp_fil-with-alpah_filter0_1_GraphWaveNet_07_04_2026-19h_34-epoch_2",
  "model": "GraphWaveNet",
  "dataset": "metr-la-by-disp_fil-with-alpah_filter0_1",
  "selection_metric": "val_mae",
  "seeds": [
    42
  ],
  "trial_results_file": "results/backbone/json/backbone_metr-la-by-disp_fil-with-alpah_filter0_1_GraphWaveNet_07_04_2026-19h_34-epoch_2_trial_results.json",
  "config_summaries_file": "results/backbone/json/backbone_metr-la-by-disp_fil-with-alpah_filter0_1_GraphWaveNet_07_04_2026-19h_34-epoch_2_config_summaries.json",
  "selected_config": {
    "params": {
      "input_dim": 1,
      "hidden_dim": 64,
      "output_dim": 1,
      "seq_len": 12,
      "horizon": 12,
      "num_blocks": 3,
      "dilation_base": 2,
      "k": 2,
      "dropout": 0.1,
      "lr": 0.001,
      "weight_decay": 0.0001,
      "epochs": 2,
      "patience": 5
    },
    "num_completed_seeds": 1,
    "seeds": [
      42
    ],
    "val_mae_mean": 5.576254367828369,
    "val_mae_std": 0.0,
    "val_mae_ci95_low": 5.576254367828369,
    "val_mae_ci95_high": 5.576254367828369,
    "val_mae_min": 5.576254367828369,
    "val_mae_max": 5.576254367828369,
    "val_mae_n": 1,
    "val_rmse_mean": 11.058218002319336,
    "val_rmse_std": 0.0,
    "val_rmse_ci95_low": 11.058218002319336,
    "val_rmse_ci95_high": 11.058218002319336,
    "val_rmse_min": 11.058218002319336,
    "val_rmse_max": 11.058218002319336,
    "val_rmse_n": 1,
    "val_mape_mean": 12861170400.0,
    "val_mape_std": 0.0,
    "val_mape_ci95_low": 12861170400.0,
    "val_mape_ci95_high": 12861170400.0,
    "val_mape_min": 12861170400.0,
    "val_mape_max": 12861170400.0,
    "val_mape_n": 1,
    "val_smape_mean": 23.354443907737732,
    "val_smape_std": 0.0,
    "val_smape_ci95_low": 23.354443907737732,
    "val_smape_ci95_high": 23.354443907737732,
    "val_smape_min": 23.354443907737732,
    "val_smape_max": 23.354443907737732,
    "val_smape_n": 1,
    "val_wape_mean": 10.172891661966661,
    "val_wape_std": 0.0,
    "val_wape_ci95_low": 10.172891661966661,
    "val_wape_ci95_high": 10.172891661966661,
    "val_wape_min": 10.172891661966661,
    "val_wape_max": 10.172891661966661,
    "val_wape_n": 1,
    "val_loss_normalized_mean": 0.3141483169186998,
    "val_loss_normalized_std": 0.0,
    "val_loss_normalized_ci95_low": 0.3141483169186998,
    "val_loss_normalized_ci95_high": 0.3141483169186998,
    "val_loss_normalized_min": 0.3141483169186998,
    "val_loss_normalized_max": 0.3141483169186998,
    "val_loss_normalized_n": 1
  }
}