{
  "timestamp": "2026-04-07T20:45:39.049694",
  "experiment_name": "backbone_metr-la-by-disp_fil-with-percen_filter0_3_DCRNN_07_04_2026-19h_34-epoch_2",
  "model": "DCRNN",
  "dataset": "metr-la-by-disp_fil-with-percen_filter0_3",
  "selection_metric": "val_mae",
  "seeds": [
    42
  ],
  "trial_results_file": "results/backbone/json/backbone_metr-la-by-disp_fil-with-percen_filter0_3_DCRNN_07_04_2026-19h_34-epoch_2_trial_results.json",
  "config_summaries_file": "results/backbone/json/backbone_metr-la-by-disp_fil-with-percen_filter0_3_DCRNN_07_04_2026-19h_34-epoch_2_config_summaries.json",
  "selected_config": {
    "params": {
      "input_dim": 1,
      "hidden_dim": 64,
      "output_dim": 1,
      "seq_len": 12,
      "horizon": 12,
      "k": 2,
      "dropout": 0.1,
      "lr": 0.001,
      "weight_decay": 0.0001,
      "epochs": 2,
      "patience": 5,
      "use_scheduled_sampling": false,
      "teacher_forcing_ratio": 0.5
    },
    "num_completed_seeds": 1,
    "seeds": [
      42
    ],
    "val_mae_mean": 7.2915449142456055,
    "val_mae_std": 0.0,
    "val_mae_ci95_low": 7.2915449142456055,
    "val_mae_ci95_high": 7.2915449142456055,
    "val_mae_min": 7.2915449142456055,
    "val_mae_max": 7.2915449142456055,
    "val_mae_n": 1,
    "val_rmse_mean": 12.573163986206055,
    "val_rmse_std": 0.0,
    "val_rmse_ci95_low": 12.573163986206055,
    "val_rmse_ci95_high": 12.573163986206055,
    "val_rmse_min": 12.573163986206055,
    "val_rmse_max": 12.573163986206055,
    "val_rmse_n": 1,
    "val_mape_mean": 14190604800.0,
    "val_mape_std": 0.0,
    "val_mape_ci95_low": 14190604800.0,
    "val_mape_ci95_high": 14190604800.0,
    "val_mape_min": 14190604800.0,
    "val_mape_max": 14190604800.0,
    "val_mape_n": 1,
    "val_smape_mean": 26.775988936424255,
    "val_smape_std": 0.0,
    "val_smape_ci95_low": 26.775988936424255,
    "val_smape_ci95_high": 26.775988936424255,
    "val_smape_min": 26.775988936424255,
    "val_smape_max": 26.775988936424255,
    "val_smape_n": 1,
    "val_wape_mean": 13.291328259129473,
    "val_wape_std": 0.0,
    "val_wape_ci95_low": 13.291328259129473,
    "val_wape_ci95_high": 13.291328259129473,
    "val_wape_min": 13.291328259129473,
    "val_wape_max": 13.291328259129473,
    "val_wape_n": 1,
    "val_loss_normalized_mean": 0.4132921141054895,
    "val_loss_normalized_std": 0.0,
    "val_loss_normalized_ci95_low": 0.4132921141054895,
    "val_loss_normalized_ci95_high": 0.4132921141054895,
    "val_loss_normalized_min": 0.4132921141054895,
    "val_loss_normalized_max": 0.4132921141054895,
    "val_loss_normalized_n": 1
  }
}